t,gt_x,gt_y,gt_yaw,ekf_x,ekf_y,ekf_yaw,ekf_err,ekf_yaw_err
1787374276.2948656,-2.478025850446971,7.358861436674495e-07,-1.3891829983957072e-05,-2.6497037574342466,-0.05764052217723285,1.237098244988611,0.1811,1.237
1787374276.3615584,-2.4780258504717056,7.353698866922648e-07,-1.3814334027637246e-05,-2.6533270120821517,-0.05819849399428791,1.2438538064730404,0.1847,1.244
1787374276.4953144,-2.478025850384768,7.353865827378525e-07,-1.3691912110507496e-05,-2.653298172652907,-0.05726993306360079,1.2186916990266488,0.1844,1.219
1787374276.563028,-2.4780258504094506,7.359168336559232e-07,-1.3650364142358119e-05,-2.6500278904277974,-0.05798394530377153,1.2416249644226331,0.1815,1.242
1787374276.6956232,-2.478025850541505,7.358116976956557e-07,-1.4068236505215573e-05,-2.6490172251599873,-0.05807469655793191,1.2432010462345375,0.1806,1.243
1787374276.7612908,-2.478025850591728,7.354094361423241e-07,-1.3992851772114056e-05,-2.6452392896931185,-0.05528921117639299,1.1920783718091577,0.1761,1.192
1787374276.898334,-2.4780258505206136,7.35425601137746e-07,-1.3867339150738624e-05,-2.6482162312296125,-0.055829138031101316,1.222418172662181,0.1791,1.222
1787374276.974496,-2.4780258504148835,7.358260668518027e-07,-1.3816759238742742e-05,-2.6520245773906983,-0.05630554365277184,1.228429923848056,0.1829,1.228
1787374277.0415049,-2.4780258504308224,7.354472418194514e-07,-1.3744369731781899e-05,-2.6532464251579255,-0.05638718448468703,1.2292113405743648,0.1841,1.229
1787374277.170846,-2.4780258504947024,7.354557854315311e-07,-1.3642448458912505e-05,-2.6546003497553774,-0.05645573556308479,1.2297703173479158,0.1854,1.230
1787374277.241097,-2.4780258504886308,7.359490074844389e-07,-1.3578728496940052e-05,-2.6549505605683614,-0.05812973347749408,1.236737923485143,0.1862,1.237
1787374277.3798604,-2.4780258505577097,7.358944065170283e-07,-1.4000755332952199e-05,-2.6534438623122356,-0.05880817145203833,1.2464922750111085,0.1850,1.247
1787374277.4984252,-2.4780258504871986,7.359170131339106e-07,-1.3877825010586915e-05,-2.654093126769218,-0.059065063633530174,1.2484572235493103,0.1857,1.248
1787374277.564339,-2.47802585046441,7.354641794875434e-07,-1.3822336995964933e-05,-2.649691788065312,-0.05828477347924015,1.2460850877181857,0.1813,1.246
1787374277.6970463,-2.4780258504209787,7.3547865270799e-07,-1.3686351073641118e-05,-2.648692206163492,-0.05821502153141877,1.2454002167210652,0.1803,1.245
1787374277.7610302,-2.478025850404562,7.358770082388163e-07,-1.3629712943580348e-05,-2.647473164589994,-0.058149660201676896,1.244840283389104,0.1791,1.245
1787374277.8852904,-2.478025850554894,7.35830743058951e-07,-1.4056760889227646e-05,-2.647115883755874,-0.058131767340212644,1.2446940807196385,0.1788,1.245
1787374277.9517682,-2.4780258505525508,7.35432596050289e-07,-1.3981818236360671e-05,-2.6468567524925373,-0.05811951153873859,1.244598167919687,0.1786,1.245
1787374278.0822294,-2.4780258505430384,7.353684437510935e-07,-1.3850462035471851e-05,-2.6467168670068904,-0.05811032695378683,1.2445105394334681,0.1784,1.245
1787374278.1470516,-2.4780258505375667,7.359120180830154e-07,-1.381147559297432e-05,-2.646597342555445,-0.058099874879264095,1.244399294711178,0.1783,1.244
1787374278.2785084,-2.4780258504581587,7.359388099124854e-07,-1.3689840921121291e-05,-2.6465474321102764,-0.058094277022074065,1.244335712382409,0.1783,1.244
1787374278.3482049,-2.478025850394917,7.354306499000982e-07,-1.360717787700524e-05,-2.6465286581424174,-0.0580917845997693,1.244304911635666,0.1782,1.244
1787374278.4923718,-2.478025850534928,7.353873892291195e-07,-1.4034442339662974e-05,-2.6465518030494852,-0.05809004801139155,1.2442739382762,0.1783,1.244
1787374278.5697062,-2.4780258506154373,7.358169487131855e-07,-1.3979710741273826e-05,-2.6465724573824603,-0.05808705183612569,1.244227518517505,0.1783,1.244
1787374278.6428592,-2.4780258505885358,7.354479961063295e-07,-1.3913277930172068e-05,-2.646594055717001,-0.05808623089799151,1.2442082934010266,0.1783,1.244
1787374278.7751095,-2.478025850546864,7.354965692934416e-07,-1.3792620652532667e-05,-2.646627333598495,-0.05808455194256116,1.2441749937078896,0.1783,1.244
1787374278.8413124,-2.4780258504874646,7.359565581239959e-07,-1.3757255862397964e-05,-2.6466429438652703,-0.05808369451639925,1.2441583601958106,0.1783,1.244
1787374278.982133,-2.478025850399283,7.359827302532112e-07,-1.3638801722967166e-05,-2.646678571292206,-0.058083507898280776,1.244145271521691,0.1784,1.244
1787374279.049037,-2.478025850372118,7.355500226211432e-07,-1.3555580804946374e-05,-2.6466907719947086,-0.05808254756682337,1.2441281575775907,0.1784,1.244
1787374279.1804724,-2.4780258504503463,7.354068844447285e-07,-1.3971821016290783e-05,-2.6467033237411832,-0.058081737899744676,1.2441130091320116,0.1784,1.244
1787374279.2516403,-2.478025850517777,7.359328806167212e-07,-1.3927966086775828e-05,-2.6467267915993378,-0.058082264955757267,1.2441134191365266,0.1784,1.244
1787374279.3889694,-2.478025850500389,7.359537193847424e-07,-1.3804391969458324e-05,-2.6467380556252973,-0.05808082867435488,1.2440897983647807,0.1784,1.244
1787374279.4558227,-2.4780258505267097,7.354431886051984e-07,-1.3720832877825265e-05,-2.6467536176498436,-0.05808131104480549,1.244091871459533,0.1784,1.244
1787374279.597917,-2.4780258504420374,7.354640820135126e-07,-1.3600023193802895e-05,-2.64676643035475,-0.05808115409172769,1.2440857072879783,0.1785,1.244
1787374279.6759298,-2.478025850384854,7.359126222551639e-07,-1.355638699088443e-05,-2.6467756068465844,-0.05808015926902147,1.2440688796308974,0.1785,1.244
1787374279.7425075,-2.478025850524051,7.3548012480783e-07,-1.4029329485052784e-05,-2.646783808357536,-0.05807987374121066,1.2440623091528207,0.1785,1.244
1787374279.876319,-2.478025850599157,7.354844645033167e-07,-1.3906672682508207e-05,-2.6467875678195716,-0.058080744220719224,1.2440732553474714,0.1785,1.244
1787374279.943799,-2.478025850534933,7.358852916215038e-07,-1.3848802720099413e-05,-2.646791420093477,-0.058080519010427,1.2440703125992505,0.1785,1.244
1787374280.0790985,-2.4780258504648,7.359104496343838e-07,-1.3726638642329166e-05,-2.6467993796461213,-0.05808026741930382,1.2440627167563478,0.1785,1.244
1787374280.1447895,-2.4780258505326267,7.3544924211478e-07,-1.3655911306816185e-05,-2.646800475807728,-0.05808056135589752,1.2440664172418754,0.1785,1.244
1787374280.284519,-2.4780258504432533,7.355568524914714e-07,-1.3558228741546854e-05,-2.6468033540327327,-0.058080949041957125,1.244070784698269,0.1785,1.244
1787374280.352623,-2.47802585049189,7.3597519895452e-07,-1.4038575385255343e-05,-2.646810073886767,-0.05807990252450591,1.244053952947051,0.1785,1.244
1787374280.4875643,-2.478025850432902,7.359819939984041e-07,-1.3914840983394996e-05,-2.6468106903126145,-0.05808029430102579,1.244059175495443,0.1785,1.244
1787374280.5540783,-2.478025850409411,7.355296389201498e-07,-1.3859172438773815e-05,-2.6468080631336637,-0.058080895348675485,1.2440681950622767,0.1785,1.244
1787374280.6911452,-2.478025850506302,7.355314900194746e-07,-1.3734939308834558e-05,-2.646814788989399,-0.058079989589339985,1.2440533443058783,0.1785,1.244
1787374280.7581522,-2.4780258504902775,7.359404696420766e-07,-1.3671771715673764e-05,-2.6468117566847864,-0.058080844047237554,1.2440660628056706,0.1785,1.244
1787374280.896346,-2.478025850450693,7.359629715488814e-07,-1.3551699492354795e-05,-2.64681529407021,-0.05808039528336723,1.244058595549744,0.1785,1.244
1787374280.9802234,-2.4780258505012087,7.355194673411031e-07,-1.402467817472233e-05,-2.646810256526527,-0.05808173667975272,1.2440787282235573,0.1785,1.244
1787374281.0528917,-2.4780258504963775,7.359013574810569e-07,-1.3972128007787061e-05,-2.6468202550794175,-0.05808003214273007,1.2440516806615634,0.1785,1.244
1787374281.1923268,-2.4780258504343946,7.35896309235842e-07,-1.3846763543249263e-05,-2.646810324830614,-0.05808194641036316,1.2440813533802644,0.1785,1.244
1787374281.2573726,-2.4780258505446344,7.35449844109173e-07,-1.3772195717827956e-05,-2.6468179138657777,-0.05808048232781827,1.2440584223713913,0.1785,1.244
1787374281.3966594,-2.478025850524171,7.354927040788967e-07,-1.3651474220894422e-05,-2.6468104211887664,-0.05808197690512723,1.2440830277145256,0.1785,1.244
1787374281.4610088,-2.4780258505050368,7.360268938129562e-07,-1.3606776349091322e-05,-2.646812944407878,-0.05808132219452361,1.244071459303077,0.1785,1.244
1787374281.5882986,-2.4780258505226307,7.35985391040275e-07,-1.4031142802849005e-05,-2.6468111834514776,-0.058081730615476966,1.2440775588452007,0.1785,1.244
1787374281.6559877,-2.478025850477742,7.35458290642522e-07,-1.3952504921583729e-05,-2.6468120060387803,-0.058081553648208606,1.2440747491668327,0.1785,1.244
1787374281.790052,-2.47802585046109,7.35539162846177e-07,-1.383371769883268e-05,-2.6468120511372892,-0.058081620981035455,1.2440756063074652,0.1785,1.244
1787374281.8492272,-2.4780258504182737,7.360148499839145e-07,-1.3798502726721698e-05,-2.6468160419417788,-0.05808117394300891,1.2440680468255538,0.1785,1.244
1787374281.99494,-2.478025850467921,7.360475124115274e-07,-1.368361940055104e-05,-2.646822331276653,-0.05808078513121693,1.24406059309472,0.1785,1.244
1787374282.0684795,-2.478025850483363,7.35616331085017e-07,-1.3593374979079173e-05,-2.646813547211012,-0.05808183398128022,1.2440778030630741,0.1785,1.244
1787374282.2038538,-2.478025850566666,7.35492718274166e-07,-1.4013744151089207e-05,-2.646812429046531,-0.05808187767900197,1.244078667578649,0.1785,1.244
1787374282.2731438,-2.4780258505406056,7.36073527436514e-07,-1.3994573679421772e-05,-2.646806835805894,-0.05808259332030551,1.2440902390036856,0.1785,1.244
1787374282.3416698,-2.478025850532838,7.355093646730791e-07,-1.3890425431945915e-05,-2.6468062074661094,-0.05808249627787243,1.2440889968754585,0.1785,1.244
1787374282.47607,-2.4780258504775876,7.355148303221171e-07,-1.37670504538311e-05,-2.6468064956150172,-0.05808247334287957,1.2440884680710174,0.1785,1.244
1787374282.5467749,-2.4780258503740993,7.360457369911676e-07,-1.3728872906565518e-05,-2.6468100781613955,-0.05808208090184302,1.2440818177989554,0.1785,1.244
1787374282.6843834,-2.4780258503714734,7.359809632913902e-07,-1.3602361914997159e-05,-2.646815922875853,-0.05808172184044906,1.2440764190514468,0.1785,1.244
1787374282.7537966,-2.4780258504593506,7.355289970255178e-07,-1.3528893528065978e-05,-2.6468124739859045,-0.05808234138165752,1.244084637714002,0.1785,1.244
1787374282.8994043,-2.478025850589407,7.355436690596403e-07,-1.3955414785002954e-05,-2.6468025369224684,-0.058083306536337496,1.2441010011657179,0.1785,1.244
1787374282.9671233,-2.4780258504999404,7.359459482957401e-07,-1.3897152761240377e-05,-2.6468069420414673,-0.058082492047865204,1.2440881766124672,0.1785,1.244
1787374283.0390599,-2.4780258505219703,7.355684640562897e-07,-1.3831380010708012e-05,-2.6468015508893985,-0.058083453986883006,1.2441032530167015,0.1785,1.244
1787374283.1731162,-2.4780258504839816,7.35510043981414e-07,-1.3703434188166341e-05,-2.646800907556244,-0.05808345134484916,1.2441033018557979,0.1785,1.244
1787374283.240201,-2.4780258503420085,7.359701732204051e-07,-1.3652606974106028e-05,-2.646799655322656,-0.058083497552907884,1.2441042713518398,0.1785,1.244
1787374283.3767457,-2.47802585042819,7.360705702910534e-07,-1.354239859062886e-05,-2.646799412842985,-0.05808349766164578,1.2441042533152453,0.1785,1.244
1787374283.4467793,-2.4780258505699275,7.355706243702368e-07,-1.4026028378850045e-05,-2.646799058223125,-0.05808355852723462,1.2441051690106524,0.1785,1.244
1787374283.5812955,-2.478025850538644,7.355818807709962e-07,-1.3902859549594646e-05,-2.646797442701892,-0.058084109336538584,1.2441132954180387,0.1785,1.244
1787374283.6473124,-2.478025850531055,7.359786337854987e-07,-1.3838238556010604e-05,-2.646799209875401,-0.05808356149618353,1.2441050246830352,0.1785,1.244
1787374283.791284,-2.478025850453184,7.359954950055198e-07,-1.3718256568618855e-05,-2.646799462313774,-0.05808359959472512,1.2441054439797823,0.1785,1.244
1787374283.8584423,-2.4780258504444728,7.356895985286156e-07,-1.3668854996750838e-05,-2.6467945003127484,-0.05808414261032901,1.2441144632968277,0.1785,1.244
1787374283.992538,-2.478025850467035,7.356486677213153e-07,-1.3533367003560382e-05,-2.646795907966293,-0.058083898461535534,1.2441105768346754,0.1785,1.244
1787374284.071053,-2.4780258504557158,7.359794575825026e-07,-1.4024942745339042e-05,-2.646794373347901,-0.05808435367650018,1.2441173532873564,0.1785,1.244
1787374284.2047882,-2.478025850537417,7.359768504122449e-07,-1.389557049334787e-05,-2.646794354134417,-0.05808420863842036,1.2441167495950254,0.1785,1.244
1787374284.2704968,-2.47802585053898,7.355155772286414e-07,-1.3823801409262363e-05,-2.646794403631619,-0.05808421848911908,1.2441153233763946,0.1785,1.244
1787374284.404218,-2.4780258504824695,7.35552338674444e-07,-1.370235833201759e-05,-2.6467924485979375,-0.058084533745396176,1.244120298920722,0.1785,1.244
1787374284.4719644,-2.4780258504597477,7.360852504126466e-07,-1.3657445536076783e-05,-2.646791417283488,-0.05808463686639295,1.244121985332491,0.1785,1.244
1787374284.6053708,-2.4780258503660564,7.361069477988303e-07,-1.3537842147539688e-05,-2.646790744750025,-0.058084676150406044,1.2441227031408342,0.1785,1.244
1787374284.6719382,-2.4780258504037933,7.355313386711397e-07,-1.40066705181452e-05,-2.646790864052482,-0.05808469781033657,1.2441229094033928,0.1785,1.244
1787374284.7428446,-2.478025850577476,7.359613524719386e-07,-1.3956042881547893e-05,-2.646790008891159,-0.05808481092706035,1.2441247204037222,0.1785,1.244
1787374284.8817077,-2.4780258505502597,7.359705524086766e-07,-1.3831494056215418e-05,-2.646789870935815,-0.05808480192350411,1.2441246032252942,0.1785,1.244
1787374284.9404402,-2.4780258505087724,7.356083889419258e-07,-1.3759834318984649e-05,-2.6467935629695907,-0.05808438276068525,1.2441175741067798,0.1785,1.244
1787374285.0773125,-2.4780258504543027,7.356578393912763e-07,-1.3642019342545126e-05,-2.6467952862190924,-0.05808439823996354,1.2441172433576413,0.1785,1.244
1787374285.1488357,-2.4780258503889474,7.361169752075026e-07,-1.361482538333478e-05,-2.646789634223264,-0.05808508639616648,1.2441285303059797,0.1785,1.244
1787374285.281757,-2.4780258504203982,7.360531538385773e-07,-1.4040913796316628e-05,-2.6467862616198135,-0.05808523600896722,1.2441315651653797,0.1785,1.244
1787374285.3480017,-2.478025850589114,7.355328912339598e-07,-1.3945009347417427e-05,-2.646787876079221,-0.05808502823801425,1.2441281357308693,0.1785,1.244
1787374285.4876008,-2.4780258505657926,7.355523432816798e-07,-1.3821155312537876e-05,-2.6467863663741373,-0.05808534344843224,1.2441329881476815,0.1785,1.244
1787374285.5536652,-2.478025850498859,7.360867444306635e-07,-1.3775621117991686e-05,-2.646783705490385,-0.058085779547960216,1.2441398718525083,0.1785,1.244
1787374285.682346,-2.478025850480337,7.360263807621456e-07,-1.3648657476154307e-05,-2.6467841355659183,-0.05808553554046461,1.244136231086195,0.1785,1.244
1787374285.7503781,-2.4780258504639536,7.355740812208466e-07,-1.3578604704114421e-05,-2.646783814523273,-0.05808560342207849,1.2441372560054123,0.1785,1.244
1787374285.8804624,-2.4780258505332555,7.356084685772801e-07,-1.400895815765756e-05,-2.646783213250467,-0.05808570727322599,1.2441388455402336,0.1785,1.244
1787374285.9438007,-2.478025850451925,7.359959434475303e-07,-1.3949974991878213e-05,-2.6467833217022956,-0.05808568312256502,1.2441384497710668,0.1785,1.244
1787374286.0767524,-2.4780258505022377,7.360173300353977e-07,-1.3829782117991102e-05,-2.6467824364616606,-0.05808583034088066,1.244140758161575,0.1785,1.244
1787374286.152789,-2.478025850608395,7.355573093377834e-07,-1.3751451570069307e-05,-2.646783483714405,-0.05808574240515238,1.244139164256061,0.1785,1.244
1787374286.2937722,-2.47802585054148,7.355708969027759e-07,-1.3630280230093708e-05,-2.6467799925066986,-0.05808628801452263,1.2441478382583764,0.1785,1.244
1787374286.3637438,-2.4780258503975814,7.360344078684961e-07,-1.3587053331566091e-05,-2.646781549164742,-0.058086064682389,1.2441441995809497,0.1785,1.244
1787374286.5052001,-2.478025850461041,7.360721257259793e-07,-1.4017737144675288e-05,-2.646780811091223,-0.05808607826664188,1.2441445829330782,0.1785,1.244
1787374286.5703495,-2.47802585047972,7.356201315862718e-07,-1.3954192313976307e-05,-2.6467798218809495,-0.058086122766003494,1.2441454560728928,0.1785,1.244
1787374286.6998909,-2.4780258505393506,7.356511527124507e-07,-1.383661473464793e-05,-2.6467796419496783,-0.05808617331755219,1.2441461993422125,0.1785,1.244
1787374286.773593,-2.478025850430271,7.360486479280671e-07,-1.3769281643198458e-05,-2.6467784405688515,-0.05808649037764236,1.2441509672448163,0.1785,1.244
1787374286.843656,-2.478025850481062,7.356540911975993e-07,-1.371680051668854e-05,-2.6467778491303102,-0.058086429905556555,1.2441517365341774,0.1785,1.244
1787374286.9742649,-2.4780258504642343,7.356892160434751e-07,-1.3583280684272371e-05,-2.646778989083756,-0.05808623403202628,1.2441471733243121,0.1785,1.244
1787374287.0509725,-2.4780258504524264,7.360893089212485e-07,-1.3527515268314957e-05,-2.646778638637446,-0.058086401542497584,1.2441495704222207,0.1785,1.244
1787374287.1998763,-2.4780258504999697,7.360281622458519e-07,-1.3948645261513281e-05,-2.646777632966378,-0.05808652015626083,1.2441515146252489,0.1785,1.244
1787374287.2617118,-2.478025850496071,7.355639090059424e-07,-1.3876349302025781e-05,-2.646778740549024,-0.058086337471418406,1.2441485952359885,0.1785,1.244
1787374287.391815,-2.478025850415376,7.355766369836854e-07,-1.375332115772929e-05,-2.646781181501158,-0.05808615648348937,1.2441452974742793,0.1785,1.244
1787374287.4615643,-2.4780258505342307,7.361241794702153e-07,-1.3712049370768214e-05,-2.646776832173527,-0.05808668646857897,1.2441540035452368,0.1785,1.244
1787374287.6005485,-2.4780258504585913,7.361523674084727e-07,-1.3592480028062507e-05,-2.6467778237716244,-0.05808649432313508,1.2441509829834223,0.1785,1.244
1787374287.6613276,-2.478025850424397,7.356430914430524e-07,-1.3510557912634797e-05,-2.64677713775871,-0.05808663684780303,1.2441531720526482,0.1785,1.244
1787374287.7953453,-2.47802585049066,7.355577006113042e-07,-1.3930985695997034e-05,-2.646778191731232,-0.05808651837023409,1.2441511662683056,0.1785,1.244
1787374287.8634858,-2.4780258505100208,7.360180844892701e-07,-1.3885283031976562e-05,-2.646776244576545,-0.05808672856905876,1.2441546581889091,0.1785,1.244
1787374287.999111,-2.47802585042216,7.360368973033154e-07,-1.376250438871646e-05,-2.64677402118453,-0.05808706077334088,1.2441599696686383,0.1785,1.244
1787374288.0688055,-2.478025850503535,7.356752667550277e-07,-1.3695080819827183e-05,-2.6467725017811046,-0.05808720967760369,1.2441624737157515,0.1785,1.244
1787374288.1387815,-2.4780258503616137,7.361515998185152e-07,-1.366467619678225e-05,-2.6467745081749885,-0.05808685264254929,1.2441568406850736,0.1785,1.244
1787374288.2751927,-2.4780258504363943,7.361595557940474e-07,-1.3543563731205602e-05,-2.6467730036499457,-0.05808705205475698,1.2441615304326197,0.1785,1.244
1787374288.4031918,-2.4780258504937107,7.360978285611032e-07,-1.396670682020421e-05,-2.6467727161919212,-0.058087140809977005,1.2441613954879693,0.1785,1.244
1787374288.4667175,-2.478025850517709,7.35595090080402e-07,-1.3875449954377353e-05,-2.646773200025296,-0.0580870504994226,1.2441599226070903,0.1785,1.244
1787374288.5964828,-2.4780258504775405,7.356213642666521e-07,-1.375314961925098e-05,-2.64679056913026,-0.05807876962373138,1.2441568615249077,0.1785,1.244
1787374288.6633954,-2.4780258504289865,7.36071961906907e-07,-1.3702012728002038e-05,-2.6467736285876944,-0.05808718597036978,1.2441616698116247,0.1785,1.244
1787374288.7368274,-2.4780258504118176,7.356204070704971e-07,-1.3631806942641598e-05,-2.646772405046044,-0.058087302152208926,1.2441636474669386,0.1785,1.244
1787374288.886404,-2.4780258503596126,7.356355490488529e-07,-1.3512125667530268e-05,-2.6467715977912003,-0.05808735461197675,1.2441646064473797,0.1785,1.244
1787374288.957009,-2.4780258505045945,7.360353316258775e-07,-1.4009711696475769e-05,-2.6467708696739907,-0.0580874342428584,1.2441659093842505,0.1785,1.244
1787374289.091695,-2.478025850500023,7.360565916851016e-07,-1.388496244272997e-05,-2.6467694020379353,-0.05808762420230664,1.2441689974830064,0.1785,1.244
1787374289.1581519,-2.4780258505260293,7.356800726320781e-07,-1.3812420427653789e-05,-2.6467696083946515,-0.058087542451587273,1.2441677603937698,0.1785,1.244
1787374289.2926636,-2.4780258504901487,7.35622669199241e-07,-1.3685052130994585e-05,-2.6467691931490727,-0.058087582369546566,1.2441684169565632,0.1785,1.244
1787374289.3576584,-2.4780258503470804,7.360829403741471e-07,-1.3641567063668656e-05,-2.6467688074001434,-0.058087657115646014,1.2441695693344483,0.1785,1.244
1787374289.4873033,-2.4780258503416217,7.361837180238002e-07,-1.3528368968642641e-05,-2.646770163374059,-0.05808748134996623,1.244166680647311,0.1785,1.244
1787374289.5547483,-2.4780258505730655,7.356125174142294e-07,-1.3993792478293157e-05,-2.6467715382131782,-0.05808741526727665,1.2441653260964753,0.1785,1.244
1787374289.6876085,-2.4780258505310617,7.356866826708477e-07,-1.3890790713577069e-05,-2.646770699979331,-0.0580875748211679,1.2441692823354173,0.1785,1.244
1787374289.7563167,-2.478025850530996,7.360874256802624e-07,-1.3819463267828458e-05,-2.646767012432299,-0.058087955968543575,1.244174219071762,0.1785,1.244
1787374289.895991,-2.478025850456871,7.361060233614103e-07,-1.370008566792158e-05,-2.6467670326921913,-0.058087857332128144,1.2441728145560402,0.1785,1.244
1787374289.9743376,-2.478025850395048,7.357155610990067e-07,-1.3651686099102582e-05,-2.646767654778028,-0.05808787928379846,1.244172916748738,0.1785,1.244
1787374290.0431836,-2.4780258503655976,7.36126176644397e-07,-1.3582198466705157e-05,-2.6467674142898368,-0.05808787791159073,1.2441729546413067,0.1785,1.244
1787374290.178738,-2.4780258505504373,7.36084529150404e-07,-1.4010679281207397e-05,-2.6466230868702763,-0.057589297187697355,1.2420736010031876,0.1782,1.242
1787374290.2445045,-2.4780258504671977,7.356044808969498e-07,-1.3934118594611652e-05,-2.6466584447054644,-0.05787110374149211,1.2412554279698909,0.1783,1.241
1787374290.3748746,-2.4780258505373136,7.356136708076095e-07,-1.3806479425218388e-05,-2.6467092631017124,-0.0580475504454952,1.2436230697394874,0.1784,1.244
1787374290.5023577,-2.4780258504665484,7.356319145899082e-07,-1.3684786473891346e-05,-2.646727023682738,-0.058072972347633554,1.2439744547123135,0.1784,1.244
1787374290.57851,-2.4780258504537795,7.3618008116473e-07,-1.3647514887224123e-05,-2.646746923370573,-0.058087642197877085,1.244174575607565,0.1784,1.244
1787374290.6466033,-2.4780258503950243,7.356749194910078e-07,-1.3565539911461735e-05,-2.6467534374621695,-0.05808960509568547,1.2442002799689527,0.1784,1.244
1787374290.779492,-2.478025850582593,7.35591895212746e-07,-1.3988793574663924e-05,-2.646761286957576,-0.05809064732505731,1.2442127578422522,0.1785,1.244
1787374290.8485568,-2.478025850506281,7.360531440416993e-07,-1.393906495933369e-05,-2.6467644043117997,-0.05809066887072695,1.2442122209219768,0.1785,1.244
1787374290.9877956,-2.478025850560051,7.360721919145703e-07,-1.3811839075251902e-05,-2.6467663415336666,-0.05809042078497875,1.244209756501853,0.1785,1.244
1787374291.0530128,-2.478025850519866,7.35712218934842e-07,-1.374761129522552e-05,-2.6467677198852795,-0.05809025651641167,1.2442056439447038,0.1785,1.244
1787374291.1898289,-2.4780258504383315,7.35742701709431e-07,-1.3627608294969673e-05,-2.6467658436388524,-0.05809003111917376,1.2442030857526676,0.1785,1.244
1787374291.255244,-2.4780258503894887,7.362149460824049e-07,-1.3593872353902514e-05,-2.6467662949912207,-0.05808987773041605,1.2442008290669104,0.1785,1.244
1787374291.3853312,-2.478025850450468,7.361388094403835e-07,-1.4016046498495781e-05,-2.6467665046271205,-0.058089758883554755,1.2441991294364,0.1785,1.244
1787374291.444197,-2.4780258504726573,7.356353644535126e-07,-1.3924260058876883e-05,-2.6467666170971222,-0.058089645942403616,1.2441975380382062,0.1785,1.244
1787374291.5787535,-2.4780258504497925,7.356365977638686e-07,-1.3800388277816207e-05,-2.646766672538121,-0.05808944542670391,1.2441947622707599,0.1785,1.244
1787374291.643933,-2.4780258504687973,7.361843624962585e-07,-1.3759055904377419e-05,-2.6467658303928108,-0.058089367035684104,1.2441939234011423,0.1785,1.244
1787374291.7774336,-2.478025850478923,7.361293807392911e-07,-1.3632811838947036e-05,-2.646764387447503,-0.058089275087589126,1.2441930786277022,0.1785,1.244
1787374291.8468368,-2.4780258504670094,7.356780045118805e-07,-1.3555971181845249e-05,-2.646764113232435,-0.058089205533455014,1.2441921893822965,0.1785,1.244
1787374291.9852214,-2.478025850510573,7.356105483011786e-07,-1.3976199031818331e-05,-2.6467638241756277,-0.058089108657835176,1.244190926305333,0.1785,1.244
1787374292.051858,-2.47802585044853,7.360730048970099e-07,-1.3930303121759623e-05,-2.6467637728497104,-0.05808905613614069,1.2441902074235909,0.1785,1.244
1787374292.1862266,-2.478025850416098,7.361170693107218e-07,-1.380788946438749e-05,-2.646763064347843,-0.058089023159659386,1.2441899574883521,0.1785,1.244
1787374292.2551382,-2.4780258505925286,7.35658087040969e-07,-1.3733510464653427e-05,-2.646762766669062,-0.05808900757998044,1.2441898269595584,0.1785,1.244
1787374292.3885396,-2.4780258505073633,7.356722826087859e-07,-1.3613098518570578e-05,-2.646762175186868,-0.0580889845113062,1.2441896937311354,0.1785,1.244
1787374292.4525855,-2.478025850390259,7.361367065738915e-07,-1.3563076408150137e-05,-2.646762401496088,-0.05808892436582857,1.2441887540641672,0.1785,1.244
1787374292.5894818,-2.478025850486972,7.361558788967733e-07,-1.3989712497685989e-05,-2.6467612542585752,-0.05808901469553137,1.2441903584236298,0.1785,1.244
1787374292.6569254,-2.4780258505125183,7.356479908030499e-07,-1.3911851205995113e-05,-2.6467623067304165,-0.05808884159477672,1.244187609822726,0.1785,1.244
1787374292.7910721,-2.478025850462399,7.357216832832821e-07,-1.3810378076497747e-05,-2.6467611732677736,-0.05808899874471558,1.2441901535217126,0.1785,1.244
1787374292.863068,-2.4780258505514703,7.361366349296493e-07,-1.374371990976751e-05,-2.6467602905142606,-0.058089082948524565,1.2441915871598141,0.1785,1.244
1787374292.996275,-2.4780258504677337,7.361599119148335e-07,-1.3625843106483956e-05,-2.6467605521449076,-0.05808894870433668,1.2441896200681404,0.1785,1.244
1787374293.0611641,-2.478025850467041,7.357848110939595e-07,-1.355543617375882e-05,-2.6467609469308906,-0.05808888749265829,1.2441886339087909,0.1785,1.244
1787374293.200988,-2.4780258505850563,7.35641381457736e-07,-1.3970149884531327e-05,-2.6467601814528283,-0.058089000102941164,1.2441904386464808,0.1785,1.244
1787374293.2730713,-2.4780258505362207,7.360977230305558e-07,-1.3923953670411969e-05,-2.6467608143645274,-0.05808886907929756,1.2441883967808316,0.1785,1.244
1787374293.3460543,-2.478025850520524,7.356513470450378e-07,-1.3845367976608528e-05,-2.6467599747424484,-0.05808900539751876,1.244190557747338,0.1785,1.244
1787374293.46982,-2.478025850566605,7.356698868884722e-07,-1.3726846097378963e-05,-2.646760449011278,-0.058088906177569045,1.2441890146525083,0.1785,1.244
1787374293.601431,-2.4780258504853743,7.356884879077972e-07,-1.3606662692945386e-05,-2.6467619065884875,-0.0580887943028694,1.2441869963705194,0.1785,1.244
1787374293.6696084,-2.4780258503651185,7.362369045072837e-07,-1.356648081940529e-05,-2.6467719637534324,-0.05808425157152587,1.2441876071977507,0.1785,1.244
1787374293.7953482,-2.4780258505872683,7.360997927838059e-07,-1.3977853521095278e-05,-2.6467609090654736,-0.058088945139792215,1.244189393000225,0.1785,1.244
1787374293.863398,-2.478025850505238,7.356471119728653e-07,-1.3905525712780408e-05,-2.646760374864524,-0.058088952829576566,1.2441896491128386,0.1785,1.244
1787374294.004932,-2.4780258504241846,7.356660507515519e-07,-1.3782417878215869e-05,-2.646758751251099,-0.05808915222090433,1.2441929250108548,0.1785,1.244
1787374294.0704474,-2.4780258505671613,7.361316661258792e-07,-1.373491871992996e-05,-2.6467592099673283,-0.05808899343173903,1.24419054323864,0.1785,1.244
1787374294.1368036,-2.4780258504206616,7.357702601185176e-07,-1.3667926144793348e-05,-2.6467582482074183,-0.058089157074134416,1.2441931225094334,0.1785,1.244
1787374294.2791855,-2.47802585038633,7.357163677059852e-07,-1.3542864324309913e-05,-2.6467584729471403,-0.05808907840929042,1.2441919440188636,0.1785,1.244
1787374294.3478045,-2.4780258505138466,7.361824012132616e-07,-1.406218346461097e-05,-2.646758047004241,-0.0580891820995792,1.24419351560696,0.1785,1.244
1787374294.4769595,-2.478025850500906,7.361868299786943e-07,-1.39384939014279e-05,-2.646758132762108,-0.05808912223597304,1.2441926370794123,0.1785,1.244
1787374294.5431657,-2.478025850525134,7.356882925734073e-07,-1.3840715552916803e-05,-2.6467579333278937,-0.05808915793736147,1.2441931924512557,0.1785,1.244
1787374294.6756787,-2.478025850484365,7.357157113397207e-07,-1.3719325967812247e-05,-2.646757628354735,-0.05808918329911835,1.2441936277573125,0.1785,1.244
1787374294.8047254,-2.4780258505510337,7.357141570447521e-07,-1.3602286475172488e-05,-2.646757633843925,-0.05808918126498392,1.2441935921754297,0.1785,1.244
1787374294.8713565,-2.478025850390113,7.36177602983604e-07,-1.3556057201994316e-05,-2.646757394781925,-0.058089219511787776,1.2441941896999273,0.1785,1.244
1787374295.0046666,-2.478025850432278,7.361110435199342e-07,-1.3976793595710986e-05,-2.64675732517171,-0.058089222390138404,1.2441942452690267,0.1785,1.244
1787374295.0701156,-2.478025850573799,7.357435093546414e-07,-1.3907145998626794e-05,-2.646757100708807,-0.058089254102471434,1.2441962131657878,0.1785,1.244
1787374295.203053,-2.4780258505822172,7.356924837805217e-07,-1.3778621408039665e-05,-2.6467571171424207,-0.05808924634937941,1.2441946454899264,0.1785,1.244
1787374295.2707813,-2.4780258504475405,7.361539452579774e-07,-1.3727633497647202e-05,-2.6467569633442043,-0.05808927127612027,1.2441950065330847,0.1785,1.244
1787374295.405109,-2.4780258504910506,7.361708712127016e-07,-1.3611070981976989e-05,-2.6467574324955137,-0.05808921067172538,1.2441940100068063,0.1785,1.244
1787374295.465698,-2.478025850434303,7.36186445411479e-07,-1.3551590966843667e-05,-2.646756986098705,-0.058089294384074945,1.2441953156948318,0.1785,1.244
1787374295.5338721,-2.4780258505140087,7.361333959628018e-07,-1.4036000427849255e-05,-2.64675824567426,-0.05808915537050213,1.2441929768731324,0.1785,1.244
1787374295.6749303,-2.4780258505497326,7.361361784320708e-07,-1.3910018783598247e-05,-2.646756516004549,-0.05808935434636224,1.2441962817199212,0.1785,1.244
1787374295.8038156,-2.4780258505109964,7.361595466886465e-07,-1.3786921961046019e-05,-2.646756519964477,-0.05808932493969152,1.2441958619236486,0.1785,1.244
1787374295.8711882,-2.478025850460921,7.362406891525425e-07,-1.3744666365224452e-05,-2.646756722996172,-0.058089292060272954,1.2441953285739407,0.1785,1.244
1787374296.0050926,-2.4780258503804586,7.362693820969659e-07,-1.3626781079763264e-05,-2.646756033078458,-0.05808941944605784,1.2441973197692824,0.1784,1.244
1787374296.0685925,-2.4780258503627777,7.36225986676869e-07,-1.3551166290467346e-05,-2.6467559937828415,-0.05808938334715486,1.244196814765314,0.1784,1.244
1787374296.1988869,-2.478025850478149,7.361693455610534e-07,-1.3972325242564315e-05,-2.6467559347667398,-0.05808939988675754,1.2441970604686081,0.1784,1.244
1787374296.265775,-2.4780258505739607,7.361612146878271e-07,-1.39097507955954e-05,-2.646755932813151,-0.058089399154877056,1.2441970416408186,0.1784,1.244
1787374296.4010112,-2.4780258505014188,7.361735029223304e-07,-1.3786616172562483e-05,-2.646756004895033,-0.05808939961044747,1.2441970222423357,0.1784,1.244
1787374296.4684384,-2.4780258504808734,7.361831570584635e-07,-1.3722015014262582e-05,-2.646755375580365,-0.05808950257041838,1.2441986728375982,0.1784,1.244
1787374296.6055717,-2.478025850454245,7.362860185938607e-07,-1.3608100346760705e-05,-2.646755390269708,-0.05808946873507612,1.2441981551669052,0.1784,1.244
1787374296.6713688,-2.4780258503805594,7.362352439304427e-07,-1.3546806110472846e-05,-2.646755747064656,-0.05808943465331673,1.2441975631197553,0.1784,1.244
1787374296.7421737,-2.4780258506576165,7.361651059390264e-07,-1.4030813490853904e-05,-2.646755469084033,-0.05808948425893548,1.2441983395150609,0.1784,1.244
1787374296.876426,-2.4780258506153454,7.36156158477006e-07,-1.3904774828664602e-05,-2.6467550219347262,-0.05808954203729805,1.2441992796810197,0.1784,1.244
1787374296.942718,-2.4780258504018966,7.361642810744086e-07,-1.3843299612357608e-05,-2.6467551011917645,-0.05808953067280302,1.244199090237463,0.1784,1.244
1787374297.0740626,-2.478025850310616,7.361830750378915e-07,-1.3721578877984187e-05,-2.646755284343653,-0.05808948974548333,1.244198456602118,0.1784,1.244
1787374297.2025933,-2.4780258504481694,7.362030310801898e-07,-1.359802668996182e-05,-2.6467548849454836,-0.05808955011068518,1.2441994164642085,0.1784,1.244
1787374297.269309,-2.478025850407442,7.362111465777216e-07,-1.3541571174252124e-05,-2.6467557058450812,-0.05808944957661373,1.2441977538889415,0.1784,1.244
1787374297.4046867,-2.4780258504278803,7.362167839780717e-07,-1.398433779782496e-05,-2.646755489830047,-0.05808950783082907,1.2441986354914234,0.1784,1.244
1787374297.4687142,-2.4780258505763686,7.361732124555153e-07,-1.3902987926655513e-05,-2.64675461668171,-0.058089589042406145,1.2442000271612152,0.1784,1.244
1787374297.6056886,-2.4780258505343724,7.361771173760375e-07,-1.3779957452409907e-05,-2.6467551385810806,-0.05808951288284092,1.2441987967658505,0.1784,1.244
1787374297.670733,-2.4780258504087387,7.361872394335265e-07,-1.3719416797229145e-05,-2.6467544442460333,-0.05808959899510749,1.244200206487224,0.1784,1.244
1787374297.8046906,-2.4780258504715227,7.362042048107361e-07,-1.3595818802482081e-05,-2.6467542503736694,-0.05808962795168223,1.244200667475649,0.1784,1.244
1787374297.8772247,-2.478025850447195,7.362127209948862e-07,-1.3539772738011512e-05,-2.646754195125599,-0.05808965272251768,1.2442010510849952,0.1784,1.244
1787374297.9399724,-2.478025850504836,7.36158036353685e-07,-1.4020792665384666e-05,-2.646754345991527,-0.058089612592134014,1.2442004061641518,0.1784,1.244
1787374298.0720813,-2.4780258505787773,7.36154533544748e-07,-1.3898607931843744e-05,-2.646754106235986,-0.058089647040553236,1.2442009558582467,0.1784,1.244
1787374298.1408913,-2.4780258505544754,7.36164438715995e-07,-1.3837180647718111e-05,-2.6467545063941436,-0.05808959623942915,1.2442001198581505,0.1784,1.244
1787374298.296679,-2.4780258504843413,7.361845497322816e-07,-1.3715723617977806e-05,-2.64675426871561,-0.058089647910340006,1.2442009149632343,0.1784,1.244
1787374298.36497,-2.4780258504587866,7.361941445269398e-07,-1.365550411230702e-05,-2.6467539204961983,-0.05808968688968939,1.2442015598282787,0.1784,1.244
1787374298.4951503,-2.4780258503622834,7.362124573461642e-07,-1.3536254787833307e-05,-2.646753986127627,-0.058089664498863415,1.2442012227169623,0.1784,1.244
1787374298.5630586,-2.4780258505347663,7.361569324729721e-07,-1.4017027439655167e-05,-2.646753758238055,-0.058089700675307394,1.2442017933245788,0.1784,1.244
1787374298.6957486,-2.478025850496359,7.361790428808506e-07,-1.3892315777819924e-05,-2.6467537368137406,-0.058089697401661325,1.2442017508896182,0.1784,1.244
1787374298.7614315,-2.478025850457177,7.361760740933355e-07,-1.3833984336073947e-05,-2.6467539242176272,-0.05808967922218147,1.2442014341765983,0.1784,1.244
1787374298.8998609,-2.4780258504108437,7.361906856660565e-07,-1.3712519079930815e-05,-2.6467537076558356,-0.05808971810545263,1.2442020423921616,0.1784,1.244
1787374298.9661622,-2.478025850462631,7.362692047168285e-07,-1.3674446085353579e-05,-2.6467534762297467,-0.058089730467202824,1.2442022787148552,0.1784,1.244
1787374299.0937233,-2.47802585037982,7.362942204266554e-07,-1.3557620383628447e-05,-2.646753472988022,-0.058089731908035125,1.2442022973425753,0.1784,1.244
1787374299.1621144,-2.478025850499896,7.361839754676061e-07,-1.4019251139759292e-05,-2.6467532756312093,-0.05808977483701687,1.2442044138484891,0.1784,1.244
1787374299.3002748,-2.478025850512519,7.361645120072759e-07,-1.3893247090580565e-05,-2.646753247650203,-0.05808976467263699,1.2442028362994488,0.1784,1.244
1787374299.3670971,-2.47802585048654,7.361727337560243e-07,-1.3835470553332865e-05,-2.646753151747581,-0.05808979862394436,1.2442033098630236,0.1784,1.244
1787374299.5007234,-2.478025850444942,7.361902783224099e-07,-1.3714011658101254e-05,-2.6467535076204225,-0.05808973087517545,1.2442022496089122,0.1784,1.244
1787374299.5687842,-2.47802585050199,7.361984849704446e-07,-1.365358029571039e-05,-2.646753029765276,-0.05808979018727253,1.2442032215394525,0.1784,1.244
1787374299.7000053,-2.478025850514605,7.362170175221857e-07,-1.3534433412918368e-05,-2.64675313337484,-0.05808977463540379,1.2442029705332067,0.1784,1.244
1787374299.7644007,-2.4780258504093546,7.361600549396941e-07,-1.4018930718940159e-05,-2.6467530776584116,-0.05808978839880475,1.2442031765095154,0.1784,1.244
1787374299.9038115,-2.478025850483812,7.361569684750978e-07,-1.3889855989738111e-05,-2.646753239193026,-0.05808977231509537,1.2442029001648847,0.1784,1.244
1787374299.9810615,-2.478025850518251,7.36167142208644e-07,-1.3831615395290996e-05,-2.646752770753485,-0.058089845664301996,1.2442040654035083,0.1784,1.244
1787374300.047701,-2.478025850408688,7.361765819831269e-07,-1.3767325854010748e-05,-2.64675281778234,-0.05808981990679985,1.244203687418095,0.1784,1.244
1787374300.183091,-2.4780258505508472,7.361971616527414e-07,-1.3650467791894317e-05,-2.6467529088033794,-0.05808981597933927,1.2442036011320636,0.1784,1.244
1787374300.2592142,-2.47802585040921,7.362058860921523e-07,-1.3590480218048713e-05,-2.646752716493867,-0.058089847025487196,1.2442040922342859,0.1784,1.244
1787374300.397319,-2.4780258504299995,7.361589040949209e-07,-1.4015715157383803e-05,-2.6467528110700167,-0.058089825451287075,1.2442037585139498,0.1784,1.244
1787374300.4610562,-2.478025850516326,7.361501971226033e-07,-1.395288909644091e-05,-2.646752708615325,-0.05808984711226605,1.2442040889179087,0.1784,1.244
1787374300.594134,-2.4780258504973998,7.361873430560407e-07,-1.383191405505724e-05,-2.646752561303143,-0.05808986305556246,1.2442058199307484,0.1784,1.244
1787374300.6623473,-2.4780258504444492,7.36102626751079e-07,-1.376083174976051e-05,-2.6467525594688874,-0.05808986309354882,1.2442043437625243,0.1784,1.244
1787374300.7934368,-2.4780258505603068,7.361913702137984e-07,-1.3649536789050505e-05,-2.646752396439525,-0.05808988373661492,1.2442046789527346,0.1784,1.244
1787374300.8580701,-2.478025850438437,7.362027766896057e-07,-1.3589982239725604e-05,-2.6467524584239963,-0.05808987085302975,1.244204478101266,0.1784,1.244
1787374300.9924266,-2.4780258504660946,7.361574150344184e-07,-1.401486704025517e-05,-2.646752314853276,-0.0580898936547692,1.2442048383436368,0.1784,1.244
1787374301.0582604,-2.478025850538276,7.36149815584703e-07,-1.3951741407562365e-05,-2.646752312318669,-0.05808989177094633,1.2442048111789012,0.1784,1.244
1787374301.1869354,-2.4780258504566053,7.361664849847756e-07,-1.3828180280053078e-05,-2.646752284063653,-0.05808989869402381,1.2442049139250408,0.1784,1.244
1787374301.2534997,-2.4780258505532364,7.36177499011299e-07,-1.3763876272085987e-05,-2.646752187167243,-0.058089913088111414,1.2442051433523684,0.1784,1.244
1787374301.3840723,-2.4780258504849124,7.361977380626735e-07,-1.3643474861581727e-05,-2.646752160563174,-0.05808991454607712,1.2442051686191526,0.1784,1.244
1787374301.4508133,-2.4780258503530277,7.362072109879931e-07,-1.358720586240711e-05,-2.6467521727607664,-0.05808991235144433,1.2442051325083814,0.1784,1.244
1787374301.5836818,-2.4780258504019756,7.36160349738195e-07,-1.4012531001452445e-05,-2.646752088277447,-0.0580899237102635,1.2442053138467144,0.1784,1.244
1787374301.6539693,-2.4780258505695087,7.361511510050299e-07,-1.3949569051126656e-05,-2.646752285077748,-0.0580899005505138,1.2442049278309602,0.1784,1.244
1787374301.7944212,-2.478025850523135,7.361680773332075e-07,-1.382609760751361e-05,-2.646752022181628,-0.058089929384831214,1.2442054076506102,0.1784,1.244
1787374301.8609536,-2.4780258503666572,7.361785270835661e-07,-1.3765314063845547e-05,-2.6467520090050227,-0.058089933275965684,1.2442069344729587,0.1784,1.244
1787374302.0001962,-2.4780258504074775,7.362000946731044e-07,-1.3641487164135355e-05,-2.6467519492688365,-0.0580899473358473,1.2442056968700246,0.1784,1.244
1787374302.0688086,-2.4780258503564854,7.362790762665324e-07,-1.360735574807894e-05,-2.646752052686644,-0.058089934741460944,1.24420545981761,0.1784,1.244
1787374302.1397822,-2.4780258504809405,7.362385916330916e-07,-1.352861445102301e-05,-2.64675181740778,-0.05808997320813555,1.244206069271503,0.1784,1.244
1787374302.2748482,-2.4780258506001522,7.361580809080517e-07,-1.3949571553687413e-05,-2.6467518289564915,-0.05808995969580907,1.2442058748024412,0.1784,1.244
1787374302.3466296,-2.47802585047695,7.361637815042426e-07,-1.3887803674421569e-05,-2.646751889097667,-0.05808996126231853,1.244205876935194,0.1784,1.244
1787374302.485057,-2.4780258504026693,7.361826128939779e-07,-1.3765620101399152e-05,-2.6467516406270923,-0.058089984498886894,1.244206274510229,0.1784,1.244
1787374302.5514941,-2.478025850456471,7.361917229588668e-07,-1.3704943239468089e-05,-2.646751701640968,-0.05808997305705927,1.244206094523886,0.1784,1.244
1787374302.6849685,-2.4780258504397934,7.356653060162238e-07,-1.3565690246628055e-05,-2.646751604874893,-0.05808999172176691,1.2442063832152774,0.1784,1.244
1787374302.7498982,-2.4780258503834047,7.361857934847513e-07,-1.3521371011349367e-05,-2.6467516130130835,-0.058089988158846674,1.244206329464463,0.1784,1.244
1787374302.879647,-2.47802585057252,7.36135307914654e-07,-1.3946732070814518e-05,-2.6467515558717802,-0.05808999910837159,1.2442064977871266,0.1784,1.244
1787374302.9473364,-2.4780258504968233,7.356876193765575e-07,-1.387129634971547e-05,-2.6467514749452055,-0.05809000935999825,1.2442066644532042,0.1784,1.244
1787374303.0799098,-2.4780258504161994,7.35707404946875e-07,-1.3749095408067226e-05,-2.6467514845464994,-0.058090008247901385,1.2442066434209595,0.1784,1.244
1787374303.146809,-2.478025850469943,7.360887352098684e-07,-1.3695859375297747e-05,-2.646751439059712,-0.058090013562343085,1.244206730148096,0.1784,1.244
1787374303.2774944,-2.478025850430778,7.361815391136988e-07,-1.3582042386826602e-05,-2.646751436640481,-0.05809001303207892,1.244208188880341,0.1784,1.244
1787374303.3440723,-2.47802585039526,7.357409277908809e-07,-1.3505696264922166e-05,-2.646751381142573,-0.05809002409396073,1.2442069113767376,0.1784,1.244
1787374303.4749022,-2.478025850574574,7.356789439435184e-07,-1.3930822278289813e-05,-2.646643185956223,-0.05787042502581504,1.2412483909831675,0.1783,1.241
1787374303.5416389,-2.4780258504617776,7.361420683634357e-07,-1.388227959135019e-05,-2.6466719050359524,-0.05799210172751316,1.2428571764060543,0.1783,1.243
1787374303.6763937,-2.478025850406467,7.361844834863633e-07,-1.3762982322158476e-05,-2.64671099804268,-0.05807376089895223,1.2439893551647514,0.1784,1.244
1787374303.8032947,-2.478025850383433,7.361905151678381e-07,-1.3642503082795246e-05,-2.6467236424099814,-0.0580848791584767,1.2441416981728064,0.1784,1.244
1787374303.867456,-2.478025850427233,7.357457159063959e-07,-1.3569716854189803e-05,-2.646739163463683,-0.05809145275209348,1.244229555662702,0.1784,1.244
1787374303.9348764,-2.4780258504378434,7.362090046413266e-07,-1.3519868035802897e-05,-2.646597292052856,-0.05757137338606144,1.241845833295217,0.1781,1.242
1787374304.0802794,-2.4780258504914867,7.361447909038092e-07,-1.394148518089765e-05,-2.646670551427593,-0.0579953915586652,1.2429029775438616,0.1783,1.243
1787374304.1462128,-2.4780258504315458,7.35697823113664e-07,-1.3869805577251486e-05,-2.6466942384461287,-0.0580510434875205,1.2436749066143358,0.1784,1.244
1787374304.2904181,-2.4780258504018717,7.356947114351602e-07,-1.3746915020248392e-05,-2.646713214125044,-0.05807769281947823,1.2440432644595145,0.1784,1.244
1787374304.3700507,-2.4780258505798076,7.361747260687789e-07,-1.3700180887866508e-05,-2.646735784875798,-0.05809175798110806,1.2442342577588668,0.1784,1.244
1787374304.5043316,-2.4780258504966497,7.362006269808093e-07,-1.3580889074473846e-05,-2.6467428071815737,-0.05809371085722785,1.2442597580676977,0.1784,1.244
1787374304.570015,-2.478025850245305,7.357562711022463e-07,-1.3508359457149242e-05,-2.6467503424020897,-0.0580940096767857,1.2442620035156395,0.1784,1.244
1787374304.63744,-2.4780258505065396,7.361553146998637e-07,-1.4006180615463388e-05,-2.646601187436375,-0.05755776505033997,1.2416639319459144,0.1781,1.242
1787374304.7777267,-2.4780258504937525,7.361326119558278e-07,-1.3880359823398065e-05,-2.6466423747205807,-0.05787303245252266,1.241275849345019,0.1783,1.241
1787374304.8440933,-2.4780258505786703,7.357040042156539e-07,-1.3806248455864867e-05,-2.646696711099986,-0.05804910468193258,1.2436468225587296,0.1784,1.244
1787374304.977551,-2.4780258505116026,7.357318175887592e-07,-1.3685507258581341e-05,-2.6467266502328406,-0.058086659493162336,1.2441650736500742,0.1784,1.244
1787374305.0438588,-2.478025850386712,7.361969697795585e-07,-1.3638879245994751e-05,-2.646736628813601,-0.058092355642271234,1.244242245729659,0.1784,1.244
1787374305.1758718,-2.4780258503224615,7.362059576618014e-07,-1.3535845119621825e-05,-2.646607945972304,-0.05760653698646529,1.242309863223018,0.1782,1.242
1787374305.2496269,-2.4780258504748196,7.357062279688992e-07,-1.3993512524935002e-05,-2.646647240294192,-0.0579032678900521,1.241682778047396,0.1783,1.242
1787374305.4028308,-2.4780258505005426,7.357090046954205e-07,-1.3868627260114215e-05,-2.6466788424929306,-0.058013455163479534,1.2431530351186653,0.1784,1.243
1787374305.468469,-2.478025850623751,7.361754442833021e-07,-1.3820823904898712e-05,-2.6467198160661822,-0.05808242085313846,1.2441074880051555,0.1784,1.244
1787374305.6045713,-2.478025850561147,7.361977960324429e-07,-1.3699978884531103e-05,-2.646731199028632,-0.058089738274374754,1.2442069567139415,0.1784,1.244
1787374305.6825447,-2.4780258504470214,7.356698229501698e-07,-1.3620510287462793e-05,-2.6467458859010646,-0.058094681253376336,1.2442723526458532,0.1784,1.244
1787374305.7551532,-2.478025850495093,7.361944481548309e-07,-1.3579758378239075e-05,-2.64674968485146,-0.058094944496566485,1.2442750729305843,0.1784,1.244
1787374305.8858283,-2.4780258505302486,7.361680845206547e-07,-1.4005472841404881e-05,-2.6467527943601,-0.05809506754822827,1.2442760374890822,0.1784,1.244
1787374305.9527164,-2.478025850457375,7.357069971786006e-07,-1.3929357231036276e-05,-2.646643590484485,-0.05786350014410864,1.2411575082022266,0.1783,1.241
1787374306.091465,-2.4780258505084407,7.357266494487005e-07,-1.3802622393790815e-05,-2.646697845241035,-0.05804950776105697,1.2436522007308737,0.1784,1.244
1787374306.1571763,-2.4780258504143777,7.361926477886325e-07,-1.3758834846571503e-05,-2.6467151139451808,-0.05807619663337568,1.2440215501790362,0.1784,1.244
1787374306.2855308,-2.478025850412854,7.361313495800445e-07,-1.36326572807907e-05,-2.646737160840528,-0.058092432244851756,1.2442431800913853,0.1784,1.244
1787374306.3532078,-2.478025850495923,7.357464742157455e-07,-1.3565137493524619e-05,-2.646743288212221,-0.05809408767656526,1.244264757504301,0.1784,1.244
1787374306.48572,-2.4780258505285673,7.357202780604744e-07,-1.39909912742988e-05,-2.646643683141246,-0.057875750196805124,1.2413223618203688,0.1783,1.241
1787374306.5511887,-2.478025850419071,7.361690993043437e-07,-1.3941712201301158e-05,-2.6466744405649982,-0.057998497397709556,1.2429450038062235,0.1783,1.243
1787374306.6855192,-2.4780258503330455,7.361885421041986e-07,-1.3818675635062019e-05,-2.646715405619089,-0.0580776855170989,1.2440422678729075,0.1784,1.244
1787374306.7549672,-2.478025850399639,7.357327035489554e-07,-1.3760392439182895e-05,-2.6467284197080594,-0.05808860928478722,1.2441918689757114,0.1784,1.244
1787374306.885432,-2.4780258504290242,7.35766963543455e-07,-1.3626887568006135e-05,-2.6467442547226345,-0.058094588055272754,1.2442714629842528,0.1784,1.244
1787374306.948993,-2.478025850532693,7.362316506821852e-07,-1.3580511510662225e-05,-2.646748587616335,-0.05809509493060659,1.244277452592743,0.1784,1.244
1787374307.0832791,-2.4780258505655453,7.361871566666982e-07,-1.4005862095231859e-05,-2.6466117756969214,-0.05759433609599487,1.2421474090143094,0.1782,1.242
1787374307.1476924,-2.4780258504169685,7.357252036783849e-07,-1.3929959335470113e-05,-2.646649420837875,-0.05789258504548006,1.2415391838451728,0.1783,1.242
1787374307.2894244,-2.4780258503569494,7.357195192690073e-07,-1.3806034672097566e-05,-2.6467012306075617,-0.05805520707255553,1.2437311760744831,0.1784,1.244
1787374307.3590066,-2.4780258505315764,7.361999805039865e-07,-1.3758934145721278e-05,-2.646717872747348,-0.05807894412587619,1.2440593679481609,0.1784,1.244
1787374307.4939418,-2.4780258504849906,7.362271461799994e-07,-1.36390170040335e-05,-2.646730110407013,-0.0580889716071633,1.2441980852010888,0.1784,1.244
1787374307.5633423,-2.4780258504761914,7.357833403999231e-07,-1.3566286725365056e-05,-2.646739634420055,-0.05809350032994992,1.2442575739440562,0.1784,1.244
1787374307.6983817,-2.478025850555404,7.35655759710258e-07,-1.398552042797427e-05,-2.6465655519825124,-0.05748530208947768,1.2406844309354723,0.1781,1.241
1787374307.7677896,-2.4780258504933257,7.361604651642557e-07,-1.3941299251119496e-05,-2.646661112308165,-0.05798340007542822,1.2427367363471638,0.1783,1.243
1787374307.83693,-2.478025850552084,7.3572853982352e-07,-1.3866564104194436e-05,-2.646690073209347,-0.05804948839017893,1.2436535032962814,0.1784,1.244
1787374307.9746435,-2.4780258504710577,7.357559885585096e-07,-1.374494212515946e-05,-2.6467244677435717,-0.05808794689546486,1.2441832411264508,0.1784,1.244
1787374308.043515,-2.478025850342677,7.36221335851273e-07,-1.3697999196675664e-05,-2.6467349690322606,-0.05809364338273254,1.2442602933947182,0.1784,1.244
1787374308.178618,-2.4780258505608,7.361599219381199e-07,-1.357249144909366e-05,-2.646747828748381,-0.058096286024401436,1.2442940262677493,0.1784,1.244
1787374308.24318,-2.478025850476409,7.357108310092873e-07,-1.404929438250994e-05,-2.6467513751606258,-0.05809624254736046,1.2442925579533834,0.1784,1.244
1787374308.3758507,-2.4780258504798893,7.357056847867821e-07,-1.3922792105746842e-05,-2.646753773585836,-0.0580959617800314,1.2442880817903634,0.1784,1.244
1787374308.4462757,-2.4780258505863455,7.361881885920029e-07,-1.387483277263118e-05,-2.6467560121567764,-0.058094901037202246,1.2442728388906306,0.1785,1.244
1787374308.5848181,-2.4780258505143578,7.36217809760287e-07,-1.3753413507479228e-05,-2.6467566321840392,-0.058094708968038825,1.2442700822783928,0.1785,1.244
1787374308.659155,-2.478025850346335,7.357744652875811e-07,-1.367996898463864e-05,-2.6467566215584797,-0.05809382417206387,1.2442578880527613,0.1785,1.244
1787374308.80027,-2.4780258504378563,7.35712514796105e-07,-1.3550998711189424e-05,-2.6467568718347003,-0.05809371873176102,1.244256443458565,0.1785,1.244
1787374308.866786,-2.4780258504920694,7.361736323666644e-07,-1.4057797894931366e-05,-2.6466128213705287,-0.057596689944354136,1.2421785349309635,0.1782,1.242
1787374309.0004258,-2.478025850492731,7.361925728262438e-07,-1.3932331586895318e-05,-2.6466501684157224,-0.057905474594836005,1.2417077694884444,0.1783,1.242
1787374309.0710826,-2.4780258506183737,7.357509915548578e-07,-1.3857350159165179e-05,-2.646700650438842,-0.058055661393437236,1.243738110560504,0.1784,1.244
1787374309.1451402,-2.478025850417561,7.362175149379878e-07,-1.3809754837027757e-05,-2.6467153534118815,-0.05807619176119636,1.244021826091061,0.1784,1.244
1787374309.2779417,-2.4780258503776604,7.361574234258721e-07,-1.3683086421817715e-05,-2.646735859839084,-0.058091650252504776,1.2442329405945096,0.1784,1.244
1787374309.3439229,-2.4780258504558406,7.357729040380248e-07,-1.361541991760325e-05,-2.646741886825337,-0.058093280134041664,1.2442541680750898,0.1784,1.244
1787374309.4782217,-2.478025850482335,7.357472272207172e-07,-1.4041072898745225e-05,-2.6467460882999823,-0.058093828900336,1.2442607525616782,0.1784,1.244
1787374309.546104,-2.478025850638694,7.361962719914313e-07,-1.3991168871501877e-05,-2.6467510136581933,-0.0580935511242206,1.2442556328889627,0.1784,1.244
1787374309.6755574,-2.4780258505823816,7.36216111631128e-07,-1.3867240822162962e-05,-2.646753432778996,-0.058093360100552466,1.244252415106881,0.1784,1.244
1787374309.744136,-2.478025850467135,7.356894877347004e-07,-1.3786666302521232e-05,-2.6467538481300426,-0.0580930736493856,1.244248344691369,0.1784,1.244
1787374309.8809977,-2.478025850342202,7.357021481681116e-07,-1.3665911711698522e-05,-2.646754244955636,-0.05809290539691302,1.2442459387848255,0.1784,1.244
1787374310.0031874,-2.47802585032129,7.358029045510307e-07,-1.3552867985308521e-05,-2.6467544533618534,-0.05809269975521996,1.244243061242759,0.1784,1.244
1787374310.0700307,-2.4780258505159516,7.362066160599692e-07,-1.405063109744681e-05,-2.6467540707146835,-0.05809209535252667,1.2442348155401457,0.1784,1.244
1787374310.2027748,-2.478025850547315,7.361271030560679e-07,-1.3918809423903433e-05,-2.6467537010876923,-0.05809191578487405,1.2442339110679488,0.1784,1.244
1787374310.2670434,-2.4780258505875525,7.35743820042071e-07,-1.3849468275012434e-05,-2.6467531250551892,-0.058091618031346264,1.2442284923313662,0.1784,1.244
1787374310.4035645,-2.4780258505204706,7.357614716391604e-07,-1.3727768393356317e-05,-2.6467529814639286,-0.05809151947750493,1.2442271841615924,0.1784,1.244
1787374310.4719653,-2.4780258504865795,7.362433957870738e-07,-1.3681475748679718e-05,-2.646752303791827,-0.058091233285749805,1.2442234097545035,0.1784,1.244
1787374310.5384068,-2.478025850451157,7.358041513260663e-07,-1.3608763825471425e-05,-2.6467522275773767,-0.058091182743713075,1.2442227460536042,0.1784,1.244
1787374310.6708722,-2.478025850516091,7.356797758533904e-07,-1.4027999384421945e-05,-2.6466012668745185,-0.05756687575257176,1.2417801265954036,0.1781,1.242
1787374310.7397895,-2.478025850450308,7.361854064661278e-07,-1.398334354823295e-05,-2.6466455323410614,-0.057926859834918444,1.2419896656172742,0.1783,1.242
1787374310.8741484,-2.4780258506334647,7.361990157729516e-07,-1.3859081641364637e-05,-2.6466997298817385,-0.05805827456006017,1.24377512436955,0.1784,1.244
1787374310.938563,-2.4780258504926884,7.357729841443023e-07,-1.3785483945765207e-05,-2.6467163389316966,-0.05808044142154908,1.2440812817009177,0.1784,1.244
1787374311.0749125,-2.478025850418241,7.35802282194291e-07,-1.3665463193984132e-05,-2.6467349808714387,-0.058091209342632386,1.244227071001986,0.1784,1.244
1787374311.2045624,-2.478025850325585,7.358251846850672e-07,-1.3546726696901104e-05,-2.646741206993904,-0.05809315052470608,1.2442526111120746,0.1784,1.244
1787374311.2647986,-2.478025850561456,7.361415016507976e-07,-1.4038192589938616e-05,-2.6467451142778966,-0.05809342516673697,1.2442554195495426,0.1784,1.244
1787374311.3392503,-2.478025850372087,7.357381536751456e-07,-1.3967203126749992e-05,-2.646636452635224,-0.0578531182642384,1.2410219876184514,0.1783,1.241
1787374311.4804177,-2.4780258504936876,7.357749094484567e-07,-1.3840329252713677e-05,-2.6466917327176187,-0.05804660262241274,1.2436147246719185,0.1784,1.244
1787374311.5465434,-2.478025850486943,7.362443941745902e-07,-1.3796533480816824e-05,-2.6467106145071497,-0.05807540492738207,1.2440118313136954,0.1784,1.244
1787374311.6755862,-2.4780258504492214,7.362676631400935e-07,-1.3676458816987747e-05,-2.6467335733720114,-0.058091824216822366,1.2442357071188828,0.1784,1.244
1787374311.74502,-2.4780258505457877,7.357398385424521e-07,-1.3597247716614284e-05,-2.646740416522389,-0.058093769014517495,1.2442611368238778,0.1784,1.244
1787374311.8796992,-2.4780258505716817,7.356851417330873e-07,-1.4022120618515114e-05,-2.6466416120502396,-0.0578820860999348,1.2414041144043522,0.1783,1.241
1787374311.9443517,-2.4780258504260195,7.361943738152621e-07,-1.3977836282375701e-05,-2.6466741686877286,-0.05800770378730481,1.243073787834781,0.1783,1.243
1787374312.081532,-2.478025850361191,7.362331593797032e-07,-1.3854715962794603e-05,-2.646714349785324,-0.058077939624577885,1.244046106506871,0.1784,1.244
1787374312.1498446,-2.4780258504767194,7.357921041625066e-07,-1.3780612019109633e-05,-2.6467273939758393,-0.05808892240601596,1.2441965316799684,0.1784,1.244
1787374312.2821686,-2.478025850477129,7.357916702012087e-07,-1.365970942959063e-05,-2.6467363599931812,-0.05809293270978187,1.2442503321144205,0.1784,1.244
1787374312.341322,-2.4780258505260413,7.361878929826001e-07,-1.360761034326009e-05,-2.646743538176949,-0.05809498639734539,1.2442772377063518,0.1784,1.244
1787374312.4808986,-2.4780258505962265,7.362240350249213e-07,-1.4038897502117262e-05,-2.6467502552886812,-0.05809593276702056,1.2442888292123424,0.1784,1.244
1787374312.562617,-2.478025850450859,7.357654938123257e-07,-1.3962500772659798e-05,-2.6466315744677056,-0.05784245678586341,1.2408933240516216,0.1783,1.241
1787374312.694613,-2.4780258504198867,7.357047598772733e-07,-1.383291078498451e-05,-2.6466660393722354,-0.05798562235614903,1.2427672091785154,0.1783,1.243
1787374312.7625346,-2.4780258504647525,7.362309901966842e-07,-1.379093749965339e-05,-2.646711242616579,-0.058075855812080523,1.2440177280298113,0.1784,1.244
1787374312.9015002,-2.4780258503954444,7.362671446669981e-07,-1.36731525071421e-05,-2.6467249833638307,-0.05808770584191432,1.2441801032891886,0.1784,1.244
1787374312.9733922,-2.4780258505216075,7.358290331136146e-07,-1.3600610213993142e-05,-2.6467425401530797,-0.058094693781384196,1.2442734098367851,0.1784,1.244
1787374313.0383625,-2.478025850424609,7.362946581857238e-07,-1.3554592516625158e-05,-2.6492961128947146,-0.05765512640294693,1.2422377747596502,0.1807,1.242
1787374313.1766112,-2.4780258504837196,7.36233348150794e-07,-1.3976282254240823e-05,-2.6485935248527097,-0.05792394660159824,1.2414295095443764,0.1801,1.241
1787374313.2487614,-2.4780258505323123,7.357875832674822e-07,-1.3901015513154906e-05,-2.6476509261541272,-0.0580815234995593,1.2438234553395071,0.1793,1.244
1787374313.373926,-2.478025850467693,7.357862278504286e-07,-1.3778081925698773e-05,-2.6473683297798063,-0.0580969116036648,1.2441217583020296,0.1790,1.244
1787374313.4409478,-2.478025850432527,7.362666747917743e-07,-1.3731437070385993e-05,-2.647146718071525,-0.058101586843568205,1.2442521545082097,0.1788,1.244
1787374313.5728683,-2.478025850612103,7.36293255304332e-07,-1.3612223547207446e-05,-2.6469034144203607,-0.05809884355646276,1.2442848922375365,0.1786,1.244
1787374313.7045434,-2.478025850652161,7.362494961736814e-07,-1.4037644014074631e-05,-2.6468388054872474,-0.05809731973471449,1.24428247406512,0.1785,1.244
1787374313.7705739,-2.4780258504781982,7.35704403859893e-07,-1.39552356769218e-05,-2.646648699824793,-0.05790165293104641,1.2416591423930712,0.1783,1.242
1787374313.8453147,-2.4780258506121426,7.362252757125954e-07,-1.3911665748664956e-05,-2.6466566891845016,-0.05801553403412032,1.2431886436747883,0.1783,1.243
1787374313.9855833,-2.478025850527167,7.362412746062658e-07,-1.3789128222247359e-05,-2.6465942877400748,-0.058021106499286795,1.2431687560618478,0.1783,1.243
1787374314.0541954,-2.478025850366004,7.358144569252409e-07,-1.3716155086945365e-05,-2.6466758280657823,-0.05808379855963774,1.2441398157104515,0.1784,1.244
1787374314.1906712,-2.478025850272617,7.358421339280746e-07,-1.3597064036249536e-05,-2.646692477608627,-0.05809283542700879,1.2442620226116643,0.1784,1.244
1787374314.2555532,-2.47802585040008,7.362225069382905e-07,-1.3544719930983077e-05,-2.6466993154952165,-0.05809361238687702,1.2442725301618973,0.1784,1.244
1787374314.3910923,-2.4780258505102455,7.361531537455597e-07,-1.3965988168868526e-05,-2.646702305825721,-0.058094140628827194,1.2442777802791343,0.1784,1.244
1787374314.4583967,-2.47802585052247,7.357698395727037e-07,-1.3896171798083166e-05,-2.6467132431549247,-0.0580935329012102,1.244266253544275,0.1784,1.244
1787374314.5892882,-2.478025850511686,7.358133341983024e-07,-1.3774680574002708e-05,-2.646719402283914,-0.058093109670142945,1.2442587149497282,0.1784,1.244
1787374314.654085,-2.478025850392764,7.362819563554136e-07,-1.372805035311684e-05,-2.646722155998331,-0.05809288650651281,1.2442548638960296,0.1784,1.244
1787374314.7914135,-2.478025850327383,7.362808839238007e-07,-1.3608036578834043e-05,-2.6467279521485234,-0.058092257219700426,1.2442444900210239,0.1784,1.244
1787374314.8588192,-2.478025850405371,7.357671280872622e-07,-1.3529432367353626e-05,-2.646728949890053,-0.05809230299106817,1.2442449091560972,0.1784,1.244
1787374315.0021768,-2.4780258505707558,7.357849533283555e-07,-1.3957014407568787e-05,-2.6465735006955815,-0.05754560531527765,1.2415029320392696,0.1781,1.242
1787374315.0607646,-2.478025850595651,7.36251880290755e-07,-1.3908437083726581e-05,-2.6466179786654678,-0.05786105534337869,1.2411241216929747,0.1782,1.241
1787374315.1934931,-2.4780258505716786,7.361947798354502e-07,-1.3780417076144344e-05,-2.6466798726685914,-0.058055845786233934,1.2437466378848738,0.1784,1.244
1787374315.2591941,-2.4780258504465773,7.358112899133408e-07,-1.3712316670618713e-05,-2.6466990486977817,-0.05807819601569176,1.2440546153900285,0.1784,1.244
1787374315.3898249,-2.47802585035576,7.358276945316729e-07,-1.3592699774653755e-05,-2.6467229064677267,-0.05809172697305448,1.2442377112601253,0.1784,1.244
1787374315.4591284,-2.4780258503925476,7.3622490000464e-07,-1.354093684240344e-05,-2.6467305696834633,-0.058093721765191765,1.2442636236309594,0.1784,1.244
1787374315.6054366,-2.478025850509397,7.362425213316992e-07,-1.3968787903577686e-05,-2.6467362492493725,-0.05809396633636453,1.244265525004689,0.1784,1.244
1787374315.669515,-2.4780258506409187,7.357188688663968e-07,-1.3887281820273524e-05,-2.6467428440367735,-0.05809374985721252,1.2442607660309453,0.1784,1.244
1787374315.8012173,-2.478025850577276,7.357351355874128e-07,-1.3764918042061532e-05,-2.646744899870975,-0.058093553187077325,1.2442574727377627,0.1784,1.244
1787374315.868873,-2.47802585041297,7.362654029296285e-07,-1.3723715469083764e-05,-2.646747487851931,-0.05809302241794963,1.2442494257893093,0.1784,1.244
1787374315.9344065,-2.4780258504491104,7.357548043518327e-07,-1.3644852950134898e-05,-2.646748380863811,-0.05809297056786933,1.2442485229304425,0.1784,1.244
1787374316.0788934,-2.478025850427434,7.358579107836181e-07,-1.3532254053346376e-05,-2.6467492980631886,-0.05809239627910092,1.2442403121817942,0.1784,1.244
1787374316.151036,-2.4780258504129344,7.362624817109688e-07,-1.4030234321214756e-05,-2.646608991681805,-0.05760592777715141,1.2422986296273393,0.1782,1.242
1787374316.2851307,-2.478025850671964,7.361839648397956e-07,-1.3899277677750136e-05,-2.6466438912822454,-0.05788478673671905,1.2414427083964217,0.1783,1.241
1787374316.3512845,-2.4780258504894452,7.358009854737746e-07,-1.3830334918092234e-05,-2.6466961684854353,-0.05805718902464952,1.2437610020524863,0.1784,1.244
1787374316.4872124,-2.4780258504185104,7.358192414384129e-07,-1.3709195253020673e-05,-2.646723644287144,-0.05808688735832218,1.2441696856451192,0.1784,1.244
1787374316.555524,-2.4780258505932764,7.363013857494339e-07,-1.3663061022939692e-05,-2.646732215833966,-0.05809095236576029,1.244224310316857,0.1784,1.244
1787374316.686146,-2.4780258505071155,7.363295704487999e-07,-1.3544726633758473e-05,-2.6467430875831157,-0.05809337990745816,1.2442554031500177,0.1784,1.244
1787374316.750914,-2.478025850413676,7.357380454055512e-07,-1.4010103381669842e-05,-2.6467464555562774,-0.05809362042304145,1.2442578954544972,0.1784,1.244
1787374316.8883352,-2.4780258504850177,7.357280826911683e-07,-1.388831198986396e-05,-2.646750168962755,-0.058093276941867285,1.2442521557388295,0.1784,1.244
1787374316.9547155,-2.4780258505127737,7.362568023964739e-07,-1.38422958148699e-05,-2.6467512682072316,-0.058093111320149736,1.2442495858131932,0.1784,1.244
1787374317.086386,-2.4780258504830694,7.363005642548417e-07,-1.3722076285862893e-05,-2.6467522326697894,-0.058092571181652355,1.2442418773627266,0.1784,1.244
1787374317.1522152,-2.478025850524499,7.358600347863876e-07,-1.3649275998718111e-05,-2.6467523340259986,-0.05809238149105361,1.2442392026309426,0.1784,1.244
1787374317.2831056,-2.478025850450742,7.358585659074954e-07,-1.3529936139084413e-05,-2.6467524405329406,-0.05809209006191203,1.2442351731857588,0.1784,1.244
1787374317.3484502,-2.4780258504671835,7.361889948602224e-07,-1.4021852630274298e-05,-2.646604890101633,-0.05757034377884231,1.2418286788835455,0.1781,1.242
1787374317.4861646,-2.478025850359169,7.361846785617103e-07,-1.3896840858558926e-05,-2.6466430600610003,-0.05788209288321204,1.241395944238004,0.1783,1.241
1787374317.5569541,-2.478025850450577,7.358047871597914e-07,-1.3827734281550387e-05,-2.64669551137013,-0.05805314579698793,1.2437043794701867,0.1784,1.244
1787374317.6953123,-2.478025850475209,7.357657006609427e-07,-1.3701471285343451e-05,-2.646712725545426,-0.058077211058156324,1.2440369621093728,0.1784,1.244
1787374317.7662563,-2.478025850558228,7.362931648856113e-07,-1.3660614098160086e-05,-2.646733337728543,-0.05809089624970039,1.2442231165749424,0.1784,1.244
1787374317.903922,-2.47802585049014,7.363099976509632e-07,-1.3541673076911422e-05,-2.6467396345796015,-0.05809288509289087,1.2442492914766479,0.1784,1.244
1787374317.9691272,-2.478025850467444,7.357328429061227e-07,-1.400715261412884e-05,-2.646747319041955,-0.05809370338396646,1.2442587359355368,0.1784,1.244
1787374318.0978475,-2.4780258504583954,7.358133053677945e-07,-1.3888300245108218e-05,-2.646749625053033,-0.05809363817695567,1.2442572449116287,0.1784,1.244
1787374318.164361,-2.478025850468379,7.362839773707131e-07,-1.384059810530409e-05,-2.6467520558141846,-0.058093233235227595,1.2442510112130727,0.1784,1.244
1787374318.3035254,-2.47802585046722,7.36227277169728e-07,-1.3713987933945313e-05,-2.6467528294741136,-0.05809304716303219,1.2442482546168903,0.1784,1.244
1787374318.3694465,-2.478025850580254,7.35842705770263e-07,-1.364628859290175e-05,-2.646752951240628,-0.05809245278519008,1.2442414536911643,0.1784,1.244
1787374318.501555,-2.4780258505041672,7.358602308889619e-07,-1.3527365331809354e-05,-2.6467529399836134,-0.05809229656285567,1.2442378660948195,0.1784,1.244
1787374318.5692704,-2.4780258504953228,7.362773680752725e-07,-1.4025890305806006e-05,-2.6466061344364067,-0.057572293944400714,1.2418543439554395,0.1781,1.242
1787374318.6359656,-2.478025850559927,7.358189150701673e-07,-1.3949716985288955e-05,-2.646643735613891,-0.05788040536008055,1.2413744671107252,0.1783,1.241
1787374318.7729814,-2.478025850529302,7.357582791362848e-07,-1.3820609361952854e-05,-2.646694747312339,-0.05804968844182844,1.2436560995337056,0.1784,1.244
1787374318.8397458,-2.478025850365132,7.362845222589579e-07,-1.3778894183225081e-05,-2.646712070126293,-0.05807620760776015,1.2440230623101485,0.1784,1.244
1787374318.972758,-2.478025850401164,7.363009564050483e-07,-1.3662261429810946e-05,-2.646733166218266,-0.05809098131702136,1.2442243497190697,0.1784,1.244
1787374319.1045227,-2.478025850521079,7.363432679132137e-07,-1.3540756260990426e-05,-2.646739951540296,-0.058093038227009675,1.2442513551798327,0.1784,1.244
1787374319.1681693,-2.478025850473832,7.358369728028853e-07,-1.4012520954835687e-05,-2.6465948169764526,-0.057573004726972465,1.2418653208435877,0.1781,1.242
1787374319.3051636,-2.478025850447096,7.358148265038491e-07,-1.388710037476955e-05,-2.6466397915087994,-0.057905791553856355,1.2417102347937805,0.1783,1.242
1787374319.3704078,-2.4780258505766772,7.362115383303513e-07,-1.383320720588552e-05,-2.646699982040225,-0.05806427469354271,1.2438586489547665,0.1784,1.244
1787374319.5055566,-2.4780258504919463,7.362299587714677e-07,-1.371218248590289e-05,-2.646716600282478,-0.05808159684588237,1.2440968779341441,0.1784,1.244
1787374319.571873,-2.4780258504123007,7.358504544575342e-07,-1.3648457556683626e-05,-2.646736647906121,-0.058093189713780774,1.2442539362076919,0.1784,1.244
1787374319.7004247,-2.478025850533318,7.35808683461367e-07,-1.352069381942428e-05,-2.646742656363615,-0.05809453340272691,1.2442711793550831,0.1784,1.244
1787374319.7654967,-2.4780258505677315,7.362711468488848e-07,-1.4024105795552382e-05,-2.6466082537888935,-0.05759490127355591,1.242155663521436,0.1781,1.242
1787374319.903238,-2.478025850516893,7.362676064950023e-07,-1.3899093259280419e-05,-2.646645478178175,-0.0578819948776403,1.2414039841422415,0.1783,1.241
1787374319.9688294,-2.478025850519062,7.357571693748051e-07,-1.3818864454807532e-05,-2.646698566196416,-0.05805547016131943,1.2437355594345407,0.1784,1.244
1787374320.098678,-2.478025850478887,7.358615072701707e-07,-1.3704226894235304e-05,-2.6467154097363967,-0.05807837566202459,1.2440520216739952,0.1784,1.244
1787374320.1681693,-2.4780258504039114,7.362485412083807e-07,-1.3651659566395637e-05,-2.6467370819946425,-0.05809272904745402,1.2442473709567676,0.1784,1.244
1787374320.3000154,-2.4780258504440877,7.362628773723641e-07,-1.3536294808868785e-05,-2.6467430996979573,-0.05809440933738032,1.2442693270802632,0.1784,1.244
1787374320.367598,-2.478025850451186,7.358185687285324e-07,-1.4009970894242297e-05,-2.6466419865192803,-0.05788019587198963,1.2413755148029686,0.1783,1.241
1787374320.5053873,-2.4780258504279544,7.358166601692843e-07,-1.3885034767990207e-05,-2.6466732004883506,-0.057998341883025495,1.242943097915699,0.1783,1.243
1787374320.582882,-2.4780258505658765,7.363001946156537e-07,-1.3837754037715674e-05,-2.646714022379634,-0.05807785308751817,1.2440449494585066,0.1784,1.244
1787374320.6593518,-2.478025850417471,7.358617369879184e-07,-1.3763977684008657e-05,-2.6467276964356623,-0.05808925483150281,1.2442010856152346,0.1784,1.244
1787374320.798937,-2.478025850393353,7.358048676312282e-07,-1.3638232428383449e-05,-2.646738004325379,-0.05809399037034446,1.2442647274992285,0.1784,1.244
1787374320.8702333,-2.478025850441571,7.363307447199837e-07,-1.3597710785250518e-05,-2.646748060286792,-0.05809524555966405,1.2442796951892794,0.1784,1.244
1787374321.0035827,-2.4780258504972488,7.362811226223744e-07,-1.4022984740024587e-05,-2.646751288648504,-0.058095390710692155,1.2442809402080715,0.1784,1.244
1787374321.0676067,-2.478025850628424,7.357502822763289e-07,-1.3940923106071004e-05,-2.646644049046959,-0.0578691965918016,1.2412371459684581,0.1783,1.241
1787374321.1346512,-2.4780258504801944,7.362780144850375e-07,-1.3898056862637911e-05,-2.646675524642006,-0.05800286299510981,1.2430057882052377,0.1783,1.243
1787374321.2831838,-2.4780258504708814,7.362397269791135e-07,-1.377078397990971e-05,-2.6466992835747916,-0.05805638173933357,1.2437481619597068,0.1784,1.244
1787374321.3525476,-2.4780258505559596,7.358576993282261e-07,-1.3702793937933966e-05,-2.6467286290393592,-0.05808876130598752,1.2441940321999283,0.1784,1.244
1787374321.4877667,-2.4780258504662345,7.358754786955057e-07,-1.3583430909228793e-05,-2.6467431389064324,-0.05809418383685474,1.244266169243215,0.1784,1.244
1787374321.556873,-2.4780258502944794,7.362731801949512e-07,-1.3531821719653787e-05,-2.6466040231780092,-0.05758246452758973,1.2419958848372836,0.1781,1.242
1787374321.6870344,-2.4780258505048036,7.362925543584931e-07,-1.3963482259346872e-05,-2.6466449597619537,-0.0578986873104318,1.2416173909019828,0.1783,1.242
1787374321.7454386,-2.47802585050806,7.35767790728401e-07,-1.387870657716401e-05,-2.646679978460285,-0.05802301538511829,1.2432863401743077,0.1784,1.243
1787374321.879377,-2.478025850471008,7.357841723867734e-07,-1.3756676127362279e-05,-2.6467202700587986,-0.05808302246103159,1.244115712731858,0.1784,1.244
1787374321.94614,-2.47802585051812,7.363145511350992e-07,-1.3715540102184004e-05,-2.646731595754625,-0.05809085641343052,1.2442224617469506,0.1784,1.244
1787374322.0758202,-2.4780258504263575,7.363333424024966e-07,-1.3596194472778393e-05,-2.6467451977959064,-0.058095192787277594,1.2442796508901066,0.1784,1.244
1787374322.1407785,-2.4780258503020907,7.359068961597034e-07,-1.3524372444351808e-05,-2.64674956391149,-0.058095696355392024,1.2442856115812735,0.1784,1.244
1787374322.2798414,-2.478025850511896,7.358265850203999e-07,-1.3949249536087135e-05,-2.6466470240573634,-0.05788094126667798,1.241394557256426,0.1783,1.241
1787374322.4049666,-2.478025850456618,7.358417567572594e-07,-1.3826158818843803e-05,-2.6466780779490273,-0.05800946744932657,1.2430975367127053,0.1784,1.243
1787374322.4720535,-2.478025850479046,7.36239356611938e-07,-1.3769469078457932e-05,-2.6467159391295714,-0.05807732601048442,1.2440386123561231,0.1784,1.244
1787374322.5405154,-2.478025850509316,7.358621950256873e-07,-1.370179504722577e-05,-2.6467280382699787,-0.058088322993758434,1.2441880433469852,0.1784,1.244
1787374322.6708,-2.478025850501814,7.358231828581403e-07,-1.3577151325394432e-05,-2.64673757048973,-0.05809332926904069,1.2442556524432928,0.1784,1.244
1787374322.7452288,-2.4780258504205395,7.363497077171718e-07,-1.3536748776948565e-05,-2.6466071384221417,-0.05761189786045585,1.2423766939239091,0.1782,1.242
1787374322.8811085,-2.4780258504595096,7.362823585498589e-07,-1.3958395528963103e-05,-2.646644699625562,-0.05788499406632403,1.2414495997479889,0.1783,1.241
1787374322.955623,-2.478025850463352,7.357687024867542e-07,-1.3877522214571292e-05,-2.646698897169243,-0.058055572257035,1.2437368853898998,0.1784,1.244
1787374323.087857,-2.478025850409738,7.357880454122903e-07,-1.375571940249578e-05,-2.646716459372669,-0.05807991001590463,1.2440732466415554,0.1784,1.244
1787374323.155363,-2.4780258505606034,7.363184499282528e-07,-1.3714399065807663e-05,-2.646737574017927,-0.05809315928565923,1.2442532539811808,0.1784,1.244
1787374323.2912045,-2.4780258505492365,7.362792570789558e-07,-1.3589747548348684e-05,-2.646748115164768,-0.05809528231720078,1.244280257735945,0.1784,1.244
1787374323.3552313,-2.4780258503441597,7.358972568338533e-07,-1.352296567176861e-05,-2.6467515848517364,-0.058095486778788806,1.2442822693010096,0.1784,1.244
1787374323.4824867,-2.478025850380486,7.358300215209686e-07,-1.3944518541607774e-05,-2.646645730206523,-0.05787679429491348,1.2413355641283537,0.1783,1.241
1787374323.550376,-2.478025850485609,7.361550930271672e-07,-1.3868269179844325e-05,-2.6466761455680694,-0.05800182711399804,1.2429912455975156,0.1783,1.243
1787374323.6844137,-2.478025850475007,7.363220607046713e-07,-1.377242279694619e-05,-2.646714723257882,-0.058076711180028405,1.2440289513837985,0.1784,1.244
1787374323.750942,-2.478025850476308,7.358037128321799e-07,-1.3696618740093092e-05,-2.646727059718399,-0.05808777773964997,1.2441807243861762,0.1784,1.244
1787374323.8837895,-2.4780258505387227,7.358211689746142e-07,-1.357383441806995e-05,-2.646742625246297,-0.05809447220672072,1.2442704144081718,0.1784,1.244
1787374323.9522393,-2.4780258503840353,7.363516485076364e-07,-1.3533750886653214e-05,-2.64659170655241,-0.05754511098699506,1.241493134655652,0.1781,1.242
1787374324.0769308,-2.478025850428558,7.362861539362815e-07,-1.3955536623145726e-05,-2.64657514414482,-0.05746661549071408,1.241341841447708,0.1781,1.241
1787374324.140754,-2.478025850565139,7.35856331220803e-07,-1.3880814679955422e-05,-2.646641871860357,-0.057914838430166635,1.241826686374838,0.1783,1.242
1787374324.2828536,-2.4780258505017394,7.358631922809442e-07,-1.3758759016168818e-05,-2.6467066816722005,-0.05806981090770833,1.243934026040939,0.1784,1.244
1787374324.3481343,-2.4780258504675774,7.362613161505634e-07,-1.3709893686672078e-05,-2.6467231372281232,-0.058086512305203175,1.2441636769675501,0.1784,1.244
1787374324.4817636,-2.478025850521894,7.362804331055713e-07,-1.3587134331342071e-05,-2.646741210808281,-0.0580951072114296,1.2442793293851104,0.1784,1.244
1787374324.5512552,-2.478025850398812,7.359008137346125e-07,-1.3520239514477119e-05,-2.6467473510304114,-0.05809638106754986,1.2442956293532348,0.1784,1.244
1787374324.687112,-2.478025850507718,7.357784108842516e-07,-1.3936721273221394e-05,-2.6465940797328904,-0.05755467760179598,1.241619463730408,0.1781,1.242
1787374324.7529337,-2.4780258505633492,7.363025556902871e-07,-1.3893812333327716e-05,-2.6466421311243455,-0.057904867241617405,1.241694574736694,0.1783,1.242
1787374324.8876483,-2.478025850478503,7.363215282345258e-07,-1.3771994836387401e-05,-2.646677655914168,-0.058016984460518034,1.2432023177854403,0.1784,1.243
1787374324.9582057,-2.4780258504763983,7.358102503634927e-07,-1.3696330206540206e-05,-2.646720446653058,-0.05808460024389153,1.24413760563903,0.1784,1.244
1787374325.086431,-2.478025850371195,7.357587114331155e-07,-1.3555401295422685e-05,-2.6467247912897207,-0.05810236636824121,1.2441981477818356,0.1784,1.244
1787374325.1528075,-2.478025850403904,7.36254444956005e-07,-1.3524595551030344e-05,-2.6467427261403977,-0.0580955065472886,1.2442860827569642,0.1784,1.244
1787374325.2928617,-2.478025850532307,7.362232323551688e-07,-1.3947306330699216e-05,-2.6467467827256748,-0.05809543914140248,1.2442826417366093,0.1784,1.244
1787374325.361351,-2.4780258505505963,7.358435692178414e-07,-1.3877979579034266e-05,-2.6467533371171785,-0.058095721573949405,1.2442850018814595,0.1784,1.244
1787374325.4935248,-2.4780258504758117,7.358665238512883e-07,-1.3756365051147966e-05,-2.6467539458394658,-0.05809496541670769,1.244274313868157,0.1784,1.244
1787374325.5613172,-2.4780258503885135,7.362660729473265e-07,-1.3703799783693443e-05,-2.6467560397963723,-0.05809480846517661,1.244271745672131,0.1785,1.244
1787374325.700588,-2.478025850478095,7.363710412177846e-07,-1.3594605756006508e-05,-2.646755568760186,-0.058094042051680575,1.2442612067999737,0.1785,1.244
1787374325.7690246,-2.4780258503960453,7.358493807662681e-07,-1.351277180201392e-05,-2.646755577251727,-0.058093567352999684,1.2442547222278904,0.1785,1.244
1787374325.8387358,-2.4780258506599093,7.363117863150965e-07,-1.4016224908934602e-05,-2.646609028231593,-0.057586348997423355,1.2420407154724924,0.1781,1.242
1787374325.9774,-2.4780258506170627,7.363092511724278e-07,-1.3891635029768136e-05,-2.64667295158581,-0.05798996882797971,1.2428267910863415,0.1783,1.243
1787374326.1048727,-2.47802585053392,7.363297860157577e-07,-1.3769954973728906e-05,-2.6466956650166944,-0.058050136422756804,1.2436620815386088,0.1784,1.244
1787374326.16857,-2.478025850373608,7.359042308949118e-07,-1.369731905326902e-05,-2.646724864459403,-0.05808640433383153,1.2441624176069757,0.1784,1.244
1787374326.238724,-2.4780258505084984,7.362915995688603e-07,-1.3644816636251027e-05,-2.6467343456540493,-0.058091632976262554,1.2442331354809624,0.1784,1.244
1787374326.3813114,-2.4780258504571475,7.363063191208536e-07,-1.3526200713593727e-05,-2.646740273525931,-0.05809302690837873,1.2442510605323311,0.1784,1.244
1787374326.4457862,-2.478025850458039,7.358618257857839e-07,-1.4007048993109703e-05,-2.6467456111499312,-0.05809424211531662,1.244266696487174,0.1784,1.244
1787374326.5787199,-2.478025850527883,7.358587962560319e-07,-1.3878923248138286e-05,-2.646751294911525,-0.05809385817843931,1.2442613736724315,0.1784,1.244
1787374326.6475904,-2.478025850429122,7.361884658563256e-07,-1.3803572229229944e-05,-2.646752339987703,-0.05809355230901847,1.2442554076477799,0.1784,1.244
1787374326.7716477,-2.478025850402807,7.363326378225204e-07,-1.3707966342086248e-05,-2.646753020725148,-0.058092910556447386,1.2442463060982818,0.1784,1.244
1787374326.9039476,-2.4780258503344283,7.363610708914622e-07,-1.3589093076040586e-05,-2.6467532856308886,-0.058092800883440474,1.2442447474542546,0.1784,1.244
1787374326.9719808,-2.478025850413101,7.358505613763212e-07,-1.3510767141922053e-05,-2.6467533386385242,-0.058092441747216596,1.2442397952274131,0.1784,1.244
1787374327.1040375,-2.4780258504881,7.357880532790173e-07,-1.393292959791815e-05,-2.6465998119722243,-0.057551927034203684,1.2415819450270082,0.1781,1.242
1787374327.1712377,-2.4780258506212522,7.362337437718028e-07,-1.3884028032809089e-05,-2.646643151222537,-0.05790481751212521,1.241692024303659,0.1783,1.242
1787374327.2402341,-2.4780258505226693,7.358664914464369e-07,-1.381552716129032e-05,-2.6466770868489413,-0.058016491178095424,1.2431962586508902,0.1784,1.243
1787374327.3849308,-2.4780258504527217,7.358925091629825e-07,-1.3695090180636191e-05,-2.6467008459283026,-0.058063123620768355,1.2438425757762723,0.1784,1.244
1787374327.4560313,-2.4780258504962416,7.362924223159228e-07,-1.364308603791615e-05,-2.6467282687902296,-0.058088710692381314,1.2441936864202519,0.1784,1.244
1787374327.5907362,-2.4780258504014667,7.36312605307079e-07,-1.3524535412108329e-05,-2.6467365400806284,-0.058092673276493104,1.2442469989104423,0.1784,1.244
1787374327.662058,-2.4780258505555057,7.357850381998913e-07,-1.3998991473266455e-05,-2.6467464882268787,-0.05809416364104079,1.244265271654909,0.1784,1.244
1787374327.7904608,-2.478025850525851,7.357974514745637e-07,-1.3874905127024554e-05,-2.6467506386791904,-0.05809395122167219,1.2442612618922697,0.1784,1.244
1787374327.8543973,-2.4780258504700616,7.363294272045239e-07,-1.3829457122745844e-05,-2.6467519542129114,-0.058093794302365165,1.2442587667547553,0.1784,1.244
1787374327.9877453,-2.4780258504194133,7.363515126022164e-07,-1.3708901388255281e-05,-2.64675278527715,-0.05809355370672542,1.2442567012410206,0.1784,1.244
1787374328.0530398,-2.478025850497717,7.358411610818949e-07,-1.3630064825041522e-05,-2.646753413463386,-0.058093033066641236,1.2442478774137662,0.1784,1.244
1787374328.1844482,-2.478025850380694,7.357903136791092e-07,-1.348966592006519e-05,-2.6467532619978735,-0.05809259602077912,1.2442418920667617,0.1784,1.244
1787374328.251322,-2.4780258505452237,7.362223563270505e-07,-1.4009867050927311e-05,-2.646612203532962,-0.05759099602140066,1.242103009547358,0.1782,1.242
1787374328.3843627,-2.478025850549683,7.362506463384159e-07,-1.3886201682255962e-05,-2.6466488944267157,-0.057906631240847904,1.2417219703330722,0.1783,1.242
1787374328.4513626,-2.4780258504576063,7.358745519900432e-07,-1.3814236150958699e-05,-2.6466815540533886,-0.05802625199547018,1.2433318171422463,0.1784,1.243
1787374328.5832677,-2.4780258503769654,7.358978239327928e-07,-1.3693923174403934e-05,-2.646718863645112,-0.058081731492211255,1.2440985467801673,0.1784,1.244
1787374328.6546698,-2.4780258505262345,7.362972356213032e-07,-1.3641721219491711e-05,-2.6467303608447614,-0.058089949417312714,1.2442106120326664,0.1784,1.244
1787374328.8042088,-2.4780258505157993,7.363779245576571e-07,-1.3528668185833854e-05,-2.6467376943980163,-0.05809240144554744,1.2442429779818172,0.1784,1.244
1787374328.8692362,-2.4780258504176147,7.358054020018987e-07,-1.3994621658133191e-05,-2.6467468937046914,-0.05809386559640499,1.2442610690133324,0.1784,1.244
1787374329.0032198,-2.4780258504910297,7.358045413270048e-07,-1.387378713454216e-05,-2.646749250900498,-0.058093800567941625,1.2442595596517454,0.1784,1.244
1787374329.0696256,-2.4780258505202735,7.363352461973267e-07,-1.3828144124451887e-05,-2.6467520055037514,-0.05809349568020373,1.2442546401056882,0.1784,1.244
1787374329.1993506,-2.4780258504849715,7.362739279358503e-07,-1.3701536931969157e-05,-2.6467527354258484,-0.05809327205904955,1.244251363753005,0.1784,1.244
1787374329.2689383,-2.478025850529013,7.359062074051217e-07,-1.3634585294978589e-05,-2.646753440645579,-0.0580928996780712,1.2442475380842803,0.1784,1.244
1787374329.4027169,-2.478025850563758,7.358667171174812e-07,-1.4059891713164168e-05,-2.646610124952009,-0.05759980427521142,1.2422143763744247,0.1782,1.242
1787374329.4681582,-2.4780258504971755,7.362484244712215e-07,-1.4004037067000926e-05,-2.6466748659599935,-0.05800093888746744,1.2429796539043052,0.1783,1.243
1787374329.6045675,-2.478025850547558,7.36266390986975e-07,-1.3883525324627612e-05,-2.6466971784753235,-0.05805461243357105,1.2437244459557157,0.1784,1.244
1787374329.6710124,-2.4780258505022195,7.358060964243642e-07,-1.380534822772266e-05,-2.646725959459269,-0.05808759640974496,1.2441788658607773,0.1784,1.244
1787374329.802857,-2.4780258504650576,7.358213842754275e-07,-1.3682622204009637e-05,-2.646733933121684,-0.05809095931212231,1.2442238021381606,0.1784,1.244
1787374329.8681333,-2.478025850426141,7.363657182261169e-07,-1.3646050978214501e-05,-2.646744553567543,-0.05809363976386418,1.2442585209057664,0.1784,1.244
1787374329.9359422,-2.4780258504079087,7.358584888255727e-07,-1.3564206993923711e-05,-2.646748124821654,-0.058094032936814574,1.2442631127745665,0.1784,1.244
1787374330.0788012,-2.478025850489287,7.357983466126398e-07,-1.3985513406301473e-05,-2.6466447689493333,-0.05788402586513193,1.2414314533715398,0.1783,1.241
1787374330.1432228,-2.4780258505949195,7.362443606184245e-07,-1.3936056156535654e-05,-2.6466747398336348,-0.0580033425119968,1.2430130515003093,0.1783,1.243
1787374330.2941744,-2.4780258505188475,7.362566202611612e-07,-1.3813013758368405e-05,-2.6467148692795295,-0.05807801367133029,1.2440473454375212,0.1784,1.244
1787374330.3643417,-2.478025850533912,7.358935741906601e-07,-1.3748884811444442e-05,-2.6467275508831296,-0.05808873045807605,1.2441941183938252,0.1784,1.244
1787374330.505643,-2.4780258504610386,7.35920801199475e-07,-1.3629684140378288e-05,-2.646737211143669,-0.05809307682804949,1.2442524484161432,0.1784,1.244
1787374330.5712142,-2.4780258503984807,7.363207562198308e-07,-1.3574617681207215e-05,-2.6467465918877213,-0.058094327472709976,1.2442674730011014,0.1784,1.244
1787374330.6398342,-2.4780258506093586,7.358765209120575e-07,-1.4051570718216182e-05,-2.6467496416966076,-0.05809446110460666,1.244270046398581,0.1784,1.244
1787374330.772058,-2.4780258506071506,7.357959693167699e-07,-1.3919880971215056e-05,-2.6467527756531064,-0.0580939716963208,1.24426098310739,0.1784,1.244
1787374330.900046,-2.4780258505441144,7.358324279311363e-07,-1.379779443149221e-05,-2.6467535568846654,-0.05809372334929544,1.2442573556155925,0.1784,1.244
1787374330.969755,-2.4780258505106536,7.363647561694294e-07,-1.3760196223528856e-05,-2.646754064619959,-0.058093108575447916,1.2442487322120344,0.1784,1.244
1787374331.0403712,-2.478025850492186,7.358547558473992e-07,-1.3677704135382935e-05,-2.646753973051771,-0.058092883179132734,1.2442456524073768,0.1784,1.244
1787374331.1751106,-2.4780258503806776,7.358045293034737e-07,-1.3537219445705071e-05,-2.646753578784218,-0.05809239183307025,1.2442389778644258,0.1784,1.244
1787374331.3029122,-2.478025850492561,7.357923375389758e-07,-1.3961602869357379e-05,-2.646612057790666,-0.057588006746435154,1.2420668979674283,0.1782,1.242
1787374331.3711555,-2.4780258506161736,7.362458102240781e-07,-1.3926269254553981e-05,-2.646647434280984,-0.05788785840064094,1.241475219402758,0.1783,1.241
1787374331.4403415,-2.4780258504408956,7.358823680560342e-07,-1.3857718033407261e-05,-2.6466777309218994,-0.058011872199437105,1.243131669728522,0.1784,1.243
1787374331.5792413,-2.4780258503717523,7.359109708261703e-07,-1.3736863219971545e-05,-2.6467187966742896,-0.0580818239011787,1.244099931277376,0.1784,1.244
1787374331.6471875,-2.4780258504942756,7.363111013585291e-07,-1.3684523168759164e-05,-2.646729622641998,-0.058089049886039246,1.244198236444886,0.1784,1.244
1787374331.7798834,-2.478025850458216,7.363078621545394e-07,-1.3565141131780719e-05,-2.6467427157807766,-0.05809341387553765,1.2442558615051722,0.1784,1.244
1787374331.8460333,-2.4780258504999475,7.357956897968731e-07,-1.4040090112443103e-05,-2.6467469303425544,-0.05809395749167892,1.2442623831166473,0.1784,1.244
1787374331.989111,-2.4780258505929122,7.358148924805599e-07,-1.3911667762468582e-05,-2.6467507080023642,-0.05809333867775814,1.2442527709516134,0.1784,1.244
1787374332.0579238,-2.478025850519193,7.363462723253354e-07,-1.3869221964852664e-05,-2.6467518252702824,-0.05809329461138862,1.2442533642769904,0.1784,1.244
1787374332.1901393,-2.4780258504873154,7.362883463006814e-07,-1.3742084584870414e-05,-2.646752940358348,-0.05809288470171239,1.2442459445113505,0.1784,1.244
1787374332.2550037,-2.478025850450759,7.358377278958406e-07,-1.3668685713706593e-05,-2.646753181146774,-0.05809272581759713,1.244243702520112,0.1784,1.244
1787374332.397963,-2.4780258504470374,7.359366251537909e-07,-1.355602112625365e-05,-2.6467534213664985,-0.05809260915697965,1.2442420582203375,0.1784,1.244
1787374332.468028,-2.4780258505737986,7.362744717080445e-07,-1.4051822878325971e-05,-2.6465996911228684,-0.05756351225000618,1.2417365864539471,0.1781,1.242
1787374332.5977807,-2.478025850512318,7.362757598824727e-07,-1.3926741968779633e-05,-2.6465831091384437,-0.057492411521232564,1.2416005779453239,0.1781,1.242
1787374332.668696,-2.4780258504079336,7.358982992232269e-07,-1.385440778139764e-05,-2.646678525705517,-0.05801705465180557,1.2432037464661259,0.1784,1.243
1787374332.8017557,-2.4780258504287986,7.358181707570275e-07,-1.3724565734509137e-05,-2.6467001777161716,-0.05805968578045353,1.2437943233074178,0.1784,1.244
1787374332.868844,-2.4780258505329993,7.36302839078048e-07,-1.3662417825108887e-05,-2.646727778913306,-0.05808954055348799,1.2442052889292057,0.1784,1.244
1787374332.9354334,-2.478025850368601,7.358491479343395e-07,-1.3603335704517551e-05,-2.646736660321847,-0.058093242154311296,1.2442547977802618,0.1784,1.244
1787374333.071156,-2.4780258505454325,7.358230055832789e-07,-1.4033025311507126e-05,-2.646745759456171,-0.05809458649964245,1.2442712261086266,0.1784,1.244
1787374333.2030685,-2.4780258505027843,7.358244243151372e-07,-1.3908138515495326e-05,-2.646748437883205,-0.05809444378840175,1.244268553840068,0.1784,1.244
1787374333.268391,-2.4780258504981414,7.362740239239278e-07,-1.3856306076393406e-05,-2.6467519975286686,-0.058094196125064494,1.2442642612427615,0.1784,1.244
1787374333.3358293,-2.4780258504906243,7.359076901612054e-07,-1.3791810666333262e-05,-2.6467530956497773,-0.05809398301868048,1.2442610627942032,0.1784,1.244
1787374333.476995,-2.478025850543463,7.35934189513641e-07,-1.3668560043783996e-05,-2.6467533301205313,-0.05809320624527946,1.2442502571441922,0.1784,1.244
1787374333.603649,-2.478025850463506,7.359557330010398e-07,-1.355010002736334e-05,-2.6467535866044125,-0.05809309534619718,1.2442486767120935,0.1784,1.244
1787374333.6701667,-2.478025850533447,7.362894356929568e-07,-1.4046070125821144e-05,-2.6465886060541712,-0.0575227241503854,1.2411886263020695,0.1781,1.241
1787374333.80227,-2.4780258505001376,7.36263918063064e-07,-1.3920262747026317e-05,-2.646634867354322,-0.05786751988599132,1.2411951461850783,0.1783,1.241
1787374333.8714764,-2.4780258505171457,7.358165395158242e-07,-1.3841888437785571e-05,-2.6466699947464414,-0.05800252031552774,1.2430023649563466,0.1783,1.243
1787374333.9390626,-2.4780258504684354,7.363633698262136e-07,-1.380425567466668e-05,-2.6467127197039915,-0.0580781674750772,1.2440499335794162,0.1784,1.244
1787374334.0855982,-2.4780258505149106,7.36390762740214e-07,-1.3680998178566518e-05,-2.64672522692804,-0.05808830768770515,1.2441886660750128,0.1784,1.244
1787374334.1493433,-2.4780258503892605,7.358805850680517e-07,-1.3602523121517098e-05,-2.6467408237156165,-0.058094141594400496,1.2442662639152495,0.1784,1.244
1787374334.2835324,-2.478025850400812,7.357414355192889e-07,-1.4005505497159658e-05,-2.6467478983164034,-0.05809448082731374,1.2442691905791257,0.1784,1.244
1787374334.350324,-2.478025850547512,7.362353196636179e-07,-1.3974751662123107e-05,-2.646750294362132,-0.0580945238464209,1.2442692168284468,0.1784,1.244
1787374334.4820514,-2.4780258505274957,7.362682905450682e-07,-1.3849677495295592e-05,-2.6467517892053656,-0.058094239734603266,1.2442649030823094,0.1784,1.244
1787374334.5563197,-2.4780258504480512,7.359060610822807e-07,-1.378556078907294e-05,-2.6467529486782904,-0.058093372256595374,1.2442525739398382,0.1784,1.244
1787374334.6900854,-2.4780258504240864,7.358520858468938e-07,-1.3659924068924003e-05,-2.6467533898865807,-0.05809335126600943,1.2442522254031299,0.1784,1.244
1787374334.7559404,-2.4780258504084003,7.363099559421393e-07,-1.360994705150309e-05,-2.6467533968995474,-0.058092772146463606,1.2442456975277685,0.1784,1.244
1787374334.8880334,-2.478025850516232,7.363470228719329e-07,-1.404154878747729e-05,-2.6467535294501183,-0.058092736577217134,1.2442437782629352,0.1784,1.244
1787374334.951228,-2.4780258505440997,7.358243778741774e-07,-1.3959884100919349e-05,-2.646599877023634,-0.05756041816612567,1.241694109602327,0.1781,1.242
1787374335.0912251,-2.4780258505083204,7.358456596815214e-07,-1.3836966707208738e-05,-2.6466440300428817,-0.05791448428000303,1.2418226869688989,0.1783,1.242
1787374335.1594844,-2.478025850529674,7.363777618628483e-07,-1.3798923665731536e-05,-2.646700545114922,-0.05806152520483233,1.243820171132864,0.1784,1.244
1787374335.2907896,-2.478025850490859,7.363172199910395e-07,-1.3673127041398795e-05,-2.646716857035082,-0.05808143666094041,1.244094803233339,0.1784,1.244
1787374335.3647723,-2.478025850400954,7.359508583844332e-07,-1.3603101165125393e-05,-2.646729256146818,-0.058090247441589596,1.2442149498356294,0.1784,1.244
1787374335.4396546,-2.4780258505525676,7.363526922001939e-07,-1.3551518175905014e-05,-2.6465736953291437,-0.05753584454717168,1.2413692042410671,0.1781,1.241
1787374335.5848708,-2.4780258506020396,7.36292168315787e-07,-1.3973594982852324e-05,-2.646664092140019,-0.058002548965217386,1.2430040730302117,0.1783,1.243
1787374335.6522694,-2.478025850398761,7.359107802614839e-07,-1.3904183331202791e-05,-2.646691941748544,-0.05805753466708009,1.2437660307770366,0.1784,1.244
1787374335.7914271,-2.4780258504915027,7.358495978309427e-07,-1.3779798140186702e-05,-2.6467113246941802,-0.05807995330005841,1.244074968266085,0.1784,1.244
1787374335.860452,-2.4780258504616426,7.362374954404292e-07,-1.3707276642782642e-05,-2.646735343390655,-0.058093591141914806,1.2442596627664477,0.1784,1.244
1787374335.9338596,-2.4780258504418775,7.358402191493549e-07,-1.3656886739807949e-05,-2.6467423792609375,-0.05809551336021697,1.2442847568848592,0.1784,1.244
1787374336.0790985,-2.4780258503724566,7.358752537603636e-07,-1.3536684974063385e-05,-2.6467508838424187,-0.05809575502247329,1.2442860302052445,0.1784,1.244
1787374336.1425648,-2.4780258504371515,7.363567426807395e-07,-1.4037485431778917e-05,-2.6467571648689043,-0.058108480996664116,1.244336114303659,0.1785,1.244
1787374336.2735517,-2.4780258504750394,7.362811655286182e-07,-1.39068341151978e-05,-2.6467550993824807,-0.05809486055667661,1.24427265650302,0.1785,1.244
