t,gt_x,gt_y,gt_yaw,ekf_x,ekf_y,ekf_yaw,ekf_err,ekf_yaw_err,fix_x,fix_y,fix_yaw,fix_err
1787534978.7984285,-2.4725794130892615,4.387495424938392e-05,0.002851683851571599,-2.5,0.0,0.0,0.0274,0.003,,,,
1787534978.8591304,-2.4729181773899267,4.4995329333403524e-05,0.002838709952335232,-2.5,0.0,0.0,0.0271,0.003,,,,
1787534978.9897945,-2.47386851492159,4.547981093983109e-05,0.002867200616624349,-2.5,0.0,0.0,0.0261,0.003,,,,
1787534979.0900643,-2.4751859873915305,4.340547368305518e-05,0.0029697224632649817,-2.5,0.0,0.0,0.0248,0.003,,,,
1787534979.1895201,-2.4768753774187626,3.8142850420312094e-05,0.003149702643507619,-2.5,0.0,0.0,0.0231,0.003,,,,
1787534979.28842,-2.4785405206328495,3.61341145493868e-05,0.003248214933226674,-2.5,0.0,0.0,0.0215,0.003,,,,
1787534979.3904788,-2.4795392732679367,-9.478905702685255e-05,0.007446681601095303,-2.5,0.0,0.0,0.0205,0.007,,,,
1787534979.498969,-2.4799066755375723,-0.00011175200794365269,0.007600840943446282,-2.5,0.0,0.0,0.0201,0.008,,,,
1787534979.5504823,-2.479861668723714,-0.00010316722161430802,0.007408147212610354,-2.5,0.0,0.0,0.0201,0.007,,,,
1787534979.6798763,-2.478809753247279,-5.4965440667867715e-05,0.006526014137041501,-2.5,0.0,0.0,0.0212,0.007,,,,
1787534979.7786467,-2.4772382676778397,-2.6473988344057653e-05,0.005970613501945589,-2.5,0.0,0.0,0.0228,0.006,,,,
1787534979.8724544,-2.4765591720717004,-9.9184656927964e-06,0.005587977679450441,-2.5,0.0,0.0,0.0234,0.006,,,,
1787534979.988399,-2.476727906078645,-1.7292571867118245e-06,0.005371547669192595,-2.5,0.0,0.0,0.0233,0.005,,,,
1787534980.0892122,-2.4773116301452967,2.2626058166957724e-06,0.005265490693490719,-2.5,0.0,0.0,0.0227,0.005,,,,
1787534980.1938536,-2.477961861565171,4.674684854880166e-06,0.0052043619904069294,-2.5,0.0,0.0,0.0220,0.005,,,,
1787534980.24146,-2.4780721883929173,5.108140359137242e-06,0.005194369758085878,-2.5,0.0,0.0,0.0219,0.005,,,,
1787534980.356923,-2.4781297218378704,4.315199297928463e-06,0.005207501191626597,-2.5,0.0,0.0,0.0219,0.005,,,,
1787534980.4664347,-2.4781079767163336,2.8637756139884027e-06,0.00523398926733276,-2.5,0.0,0.0,0.0219,0.005,,,,
1787534980.5826907,-2.4780751950481714,4.7599566666776385e-08,0.005287435917824488,-2.5,0.0,0.0,0.0219,0.005,,,,
1787534980.6451428,-2.4780614650825554,-1.6883976195237473e-06,0.005320635518825158,-2.5,0.0,0.0,0.0219,0.005,,,,
1787534980.7495217,-2.478042184498462,-5.977010852450869e-06,0.005402890968475473,-2.5,0.0,0.0,0.0220,0.005,,,,
1787534980.8511434,-2.478032267648997,-1.0348885676931185e-05,0.00548640347556544,-2.5,0.0,0.0,0.0220,0.005,,,,
1787534980.959878,-2.4780284816318483,-1.3878973117376154e-05,0.005552815156679515,-2.5,0.0,0.0,0.0220,0.006,,,,
1787534981.0686483,-2.478028242550986,-1.663340055113225e-05,0.005603428735704343,-2.5,0.0,0.0,0.0220,0.006,,,,
1787534981.1732874,-2.4780290945603305,-1.7949394510003333e-05,0.005625392425388127,-2.5,0.0,0.0,0.0220,0.006,,,,
1787534981.272839,-2.478015491849954,-0.000383582791809808,0.016993774671701073,-2.5,0.0,0.0,0.0220,0.017,,,,
1787534981.37828,-2.4779427311441133,-0.0014236748031226892,0.060404861455554286,-2.5,0.0,0.0,0.0221,0.060,,,,
1787534981.488164,-2.4779090204903866,-0.0020846272520701975,0.677009412799437,-2.5,0.0,0.0,0.0222,0.677,,,,
1787534981.5964081,-2.478036035059799,-0.0017665373104607629,1.3369489922714968,-2.5,0.0,0.0,0.0220,1.337,,,,
1787534981.647412,-2.478177171610191,-0.0012712093020859733,1.7208954273438324,-2.5,0.0,0.0,0.0219,1.721,,,,
1787534981.7622778,-2.478528179292264,-8.29522956524993e-05,2.4917830307650437,-2.5,0.0,0.0,0.0215,2.492,,,,
1787534981.8696108,-2.4796417547775227,-0.00026475142728706394,3.1938556253790567,-2.5,0.0,0.0,0.0204,3.194,,,,
1787534981.931983,-2.4799945206994156,-0.0007855441679837584,3.357891553882878,-2.5,0.0,0.0,0.0200,3.358,,,,
1787534982.0602107,-2.4805086985825704,-0.0016773793093480599,3.682381638991225,-2.5,0.0,0.0,0.0196,3.682,,,,
1787534982.1788313,-2.480526279801752,-0.0016293906634219785,4.002033585048265,-2.5,0.0,0.0,0.0195,4.002,,,,
1787534982.2772317,-2.4804533078387068,-0.0003679034851699907,4.169077355157486,-2.5,0.0,0.0,0.0196,4.169,,,,
1787534982.3896134,-2.480354585158898,0.001516197495955157,4.312510868333489,-2.5,0.0,0.0,0.0197,4.313,,,,
1787534982.4904747,-2.4799165690549763,0.002238588797220883,4.600194303849874,-2.5,0.0,0.0,0.0202,4.600,,,,
1787534982.5979652,-2.4793999783697482,0.002209284560469085,4.887541776935901,-2.5,0.0,0.0,0.0207,4.888,,,,
1787534982.649283,-2.479171164187565,0.001923091046042335,5.072964043265366,-2.5,0.0,0.0,0.0209,5.073,,,,
1787534982.7587562,-2.478604990910364,0.001506113703053529,5.479586228728321,-2.5,0.0,0.0,0.0214,5.480,,,,
1787534982.8867776,-2.478007400313434,0.00201996802444402,5.884477244099134,-2.5,0.0,0.0,0.0221,5.884,,,,
1787534982.9905276,-2.477547841135177,0.003386222882089284,6.245758454451745,-2.5,0.0,0.0,0.0227,6.246,,,,
1787534983.0967302,-2.4774829850457607,0.004510109961130285,6.748892366263415,-2.5,0.0,0.0,0.0230,6.749,,,,
1787534983.1514945,-2.4775885932273516,0.004711366877546598,7.073512837018916,-2.5,0.0,0.0,0.0229,7.074,,,,
1787534983.2530463,-2.4778057190947123,0.004283613238509185,7.566721909302731,-2.5,0.0,0.0,0.0226,7.567,,,,
1787534983.3652873,-2.478044549559145,0.0033139538977168914,8.078391705878296,-2.5,0.0,0.0,0.0222,8.078,,,,
1787534983.4742322,-2.477945547533505,0.003323093159074513,8.531170166474126,-2.5,0.0,0.0,0.0223,8.531,,,,
1787534983.5879018,-2.477974778874704,0.004200686551085977,8.940164015576523,-2.5,0.0,0.0,0.0224,8.940,,,,
1787534983.6978106,-2.4781581809731374,0.005537717507087217,9.337015379104594,-2.5,0.0,0.0,0.0225,9.337,,,,
1787534983.7642345,-2.478040552419178,0.00594006385121598,9.537450106002165,-2.5,0.0,0.0,0.0227,9.537,,,,
1787534983.862052,-2.4776480162226346,0.006005592092258543,9.903132672074353,-2.5,0.0,0.0,0.0231,9.903,,,,
1787534983.9610634,-2.477158843446818,0.005404738401804853,10.260589110265954,-2.5,0.0,0.0,0.0235,10.261,,,,
1787534984.0868247,-2.4766801220123105,0.005071381724127162,10.710758179071208,-2.5,0.0,0.0,0.0239,10.711,,,,
1787534984.1870859,-2.4764166256047004,0.0059586414422268625,11.254157177129743,-2.5,0.0,0.0,0.0243,11.254,,,,
1787534984.2923195,-2.4764338504993755,0.007568571902825616,11.854180983422568,-2.5,0.0,0.0,0.0248,11.854,,,,
1787534984.360371,-2.4767583692405406,0.008086732468553725,12.125002171245267,-2.5,0.0,0.0,0.0246,12.125,,,,
1787534984.4688778,-2.4772168585797463,0.008445271006540894,12.709653493347437,-2.5,0.0,0.0,0.0243,12.710,,,,
1787534984.5851543,-2.477507840894425,0.008068936446799145,13.291940471086352,-2.5,0.0,0.0,0.0239,13.292,,,,
1787534984.6892302,-2.4784194413305274,0.007607601216260716,13.795792491795643,-2.5,0.0,0.0,0.0229,13.796,,,,
1787534984.7969007,-2.4800832109908497,0.008066893031633373,14.105383283146336,-2.5,0.0,0.0,0.0215,14.105,,,,
1787534984.8535082,-2.480986728378707,0.008604732318705167,14.250689240122467,-2.5,0.0,0.0,0.0209,14.251,,,,
1787534984.9566016,-2.4829925208372563,0.010290370459778595,14.376369167739327,-2.5,0.0,0.0,0.0199,14.376,,,,
1787534985.0769868,-2.4836565000630495,0.011306907586385657,14.673260063890899,-2.5,0.0,0.0,0.0199,14.673,,,,
1787534985.1330988,-2.4838911210894894,0.01147918999032254,14.824868737021418,-2.5,0.0,0.0,0.0198,14.825,,,,
1787534985.2545655,-2.4842092664467956,0.011237417233607062,15.14308018261148,-2.5,0.0,0.0,0.0194,15.143,,,,
1787534985.3632302,-2.484513895798277,0.010938485438816625,15.501284430901281,-2.5,0.0,0.0,0.0190,15.501,,,,
1787534985.467869,-2.4847791938334383,0.011872343002190481,15.94973188136514,-2.5,0.0,0.0,0.0193,15.950,,,,
1787534985.566431,-2.48522678266395,0.013692489410446243,16.282055445782248,-2.5,0.0,0.0,0.0201,16.282,,,,
1787534985.6863692,-2.4853328680495372,0.015165079554943431,16.369864038173798,-2.5,0.0,0.0,0.0211,16.370,,,,
1787534985.7934146,-2.4851698635835917,0.015882783753515404,16.481371740415305,-2.5,0.0,0.0,0.0217,16.481,,,,
1787534985.8483822,-2.4849989167507847,0.015938531832235505,16.5310468635583,-2.5,0.0,0.0,0.0219,16.531,,,,
1787534985.9522908,-2.4846145285109045,0.015720542222137243,16.68114775911404,-2.5,0.0,0.0,0.0220,16.681,,,,
1787534986.0588832,-2.484265102391363,0.016482998365209285,17.069231079289864,-2.5,0.0,0.0,0.0228,17.069,,,,
1787534986.157161,-2.484158418355888,0.018044456896445005,17.40273565189504,-2.5,0.0,0.0,0.0240,17.403,,,,
1787534986.2528276,-2.484331056058476,0.019334133251665945,17.736759325437706,-2.5,0.0,0.0,0.0249,17.737,,,,
1787534986.3506174,-2.4845272791866533,0.019521241402263027,18.286370725671524,-2.5,0.0,0.0,0.0249,18.286,,,,
1787534986.4672458,-2.484496314906829,0.018385127501773076,18.800456464318476,-2.5,0.0,0.0,0.0240,18.800,,,,
1787534986.5836494,-2.484030003282338,0.01609818037448369,19.353063292998737,-2.5,0.0,0.0,0.0227,19.353,,,,
1787534986.6896074,-2.4836017831399793,0.01437048492715937,19.92016122776395,-2.5,0.0,0.0,0.0218,19.920,,,,
1787534986.7991567,-2.48342441846341,0.013778254313732226,20.383972882020796,-2.5,0.0,0.0,0.0216,20.384,,,,
1787534986.8548884,-2.48347078871787,0.013777360234779832,20.56273015399116,-2.5,0.0,0.0,0.0215,20.563,,,,
1787534986.9661424,-2.483336134020754,0.013738773337641492,20.904687959963404,-2.5,0.0,0.0,0.0216,20.905,,,,
1787534987.0812168,-2.482601938653714,0.012891142361759509,21.243593033546315,-2.5,0.0,0.0,0.0217,21.244,,,,
1787534987.1916447,-2.4815223723003004,0.011182466276461824,21.454999932203748,-2.5,0.0,0.0,0.0216,21.455,,,,
1787534987.2407024,-2.4809530539034594,0.010208496626590737,21.58476301867168,-2.5,0.0,0.0,0.0216,21.585,,,,
1787534987.3795643,-2.4800945810597237,0.00934453217293353,21.985601627912935,-2.5,0.0,0.0,0.0220,21.986,,,,
1787534987.486017,-2.479620526430187,0.009470251442126435,22.32458155540492,-2.5,0.0,0.0,0.0225,22.325,,,,
1787534987.5420365,-2.47948479239815,0.009698056421174533,22.485810510300936,-2.5,0.0,0.0,0.0227,22.486,,,,
1787534987.6765037,-2.4790450660141747,0.009818642562138507,22.849500550875167,-2.5,0.0,0.0,0.0231,22.850,,,,
1787534987.7930133,-2.477854050097027,0.008852163136211592,23.29750819287525,-2.5,0.0,0.0,0.0238,23.298,,,,
1787534987.8619733,-2.4775376633826367,0.008287759084388297,23.334253422143565,-2.5,0.0,0.0,0.0239,23.334,,,,
1787534987.9952638,-2.4772820446897112,0.007858001348031642,23.556552185446026,-2.5,0.0,0.0,0.0240,23.557,,,,
1787534988.0534425,-2.477470209909023,0.008087141970657004,23.761354918010536,-2.5,0.0,0.0,0.0239,23.761,,,,
1787534988.1773264,-2.47847188753777,0.00948249457681496,24.172512332091983,-2.5,0.0,0.0,0.0235,24.173,,,,
1787534988.2411945,-2.479023113512276,0.0102374231496022,24.38480388213756,-2.5,0.0,0.0,0.0233,24.385,,,,
1787534988.367341,-2.4802116473245985,0.010540839818334972,24.878460339838313,-2.5,0.0,0.0,0.0224,24.878,,,,
1787534988.494497,-2.4810493179652395,0.009741799368032256,25.25034613788281,-2.5,0.0,0.0,0.0213,25.250,,,,
1787534988.5481238,-2.4819502740451522,0.009585026199520563,25.343989413667845,-2.5,0.0,0.0,0.0204,25.344,,,,
1787534988.6655881,-2.483816008547857,0.00998552457906091,25.674568194285506,-2.5,0.0,0.0,0.0190,25.675,,,,
1787534988.7657735,-2.48580866556001,0.011613788342464633,25.98279928319707,-2.5,0.0,0.0,0.0183,25.983,,,,
1787534988.8902562,-2.4872311670948424,0.013908034995171261,26.255439266079133,-2.5,0.0,0.0,0.0189,26.255,,,,
1787534988.9520843,-2.4874246416047203,0.014982614506980817,26.422151702073414,-2.5,0.0,0.0,0.0196,26.422,,,,
1787534989.0762765,-2.4875051521150535,0.016526369177329,26.753435607263395,-2.5,0.0,0.0,0.0207,26.753,,,,
1787534989.1428242,-2.487412011864748,0.016986253129487587,26.939372791097053,-2.5,0.0,0.0,0.0211,26.939,,,,
1787534989.288421,-2.4873276909075277,0.018192834909261046,27.37444355436621,-2.5,0.0,0.0,0.0222,27.374,,,,
1787534989.3956566,-2.487735124807457,0.020475271608136093,27.79830593241372,-2.5,0.0,0.0,0.0239,27.798,,,,
1787534989.4508483,-2.4881036589119225,0.021855126650074563,27.989933857012655,-2.5,0.0,0.0,0.0249,27.990,,,,
1787534989.5974765,-2.4880365032241776,0.02335987889769225,28.025492911304795,-2.5,0.0,0.0,0.0262,28.025,,,,
1787534989.6727786,-2.4878650718894852,0.0238484512551322,28.132566807532086,-2.5,0.0,0.0,0.0268,28.133,,,,
1787534989.7944014,-2.4870679745396513,0.023592584134759,28.260541054575206,-2.5,0.0,0.0,0.0269,28.261,,,,
1787534989.8542724,-2.4866340330800156,0.023365031777773625,28.349182915720203,-2.5,0.0,0.0,0.0269,28.349,,,,
1787534989.9789004,-2.486292717054414,0.023190375642006288,28.20223780123363,-2.5,0.0,0.0,0.0269,28.202,,,,
1787534990.041207,-2.486498744382555,0.023317956388855893,28.013084419305898,-2.5,0.0,0.0,0.0269,28.013,,,,
1787534990.1680057,-2.4871144647031334,0.02304152583191851,27.643895620922933,-2.5,0.0,0.0,0.0264,27.644,,,,
1787534990.295157,-2.4875302691664123,0.02204077580986786,27.54512795046979,-2.5,0.0,0.0,0.0253,27.545,,,,
1787534990.3673856,-2.487542542162499,0.021081352142642194,27.41768766116906,-2.5,0.0,0.0,0.0245,27.418,,,,
1787534990.4962285,-2.4873698349943645,0.018659512419477088,27.21559273593129,-2.5,0.0,0.0,0.0225,27.216,,,,
1787534990.5550277,-2.487981596437634,0.017695404032674313,27.44673001260107,-2.5,0.0,0.0,0.0214,27.447,,,,
1787534990.6486602,-2.4894821266458806,0.016386151972538097,27.852671242120273,-2.5,0.0,0.0,0.0195,27.853,,,,
1787534990.765342,-2.49133114491074,0.015642090602896206,28.21965780809009,-2.5,0.0,0.0,0.0179,28.220,,,,
1787534990.8777144,-2.491514403738404,0.015586337277428428,28.455670054276055,-2.5,0.0,0.0,0.0177,28.456,,,,
1787534990.9406,-2.4914401482705517,0.015285109277892225,28.58229367825441,-2.5,0.0,0.0,0.0175,28.582,,,,
1787534991.0703366,-2.4909700272636,0.01405609651763372,28.82716333453282,-2.5,0.0,0.0,0.0167,28.827,,,,
1787534991.1350002,-2.4906551510642383,0.013252642564638744,28.974161970360974,-2.5,0.0,0.0,0.0162,28.974,,,,
1787534991.2829423,-2.4901959527607613,0.01270961053355616,29.347940688093455,-2.5,0.0,0.0,0.0161,29.348,,,,
1787534991.3631692,-2.4901587222179713,0.0128096900212658,29.5097498495946,-2.5,0.0,0.0,0.0162,29.510,,,,
1787534991.4299297,-2.4902873319209724,0.01312141115564933,29.648427382656944,-2.5,0.0,0.0,0.0163,29.648,,,,
1787534991.560365,-2.4903578665353026,0.01344680140388109,29.969943862707606,-2.5,0.0,0.0,0.0165,29.970,,,,
1787534991.6807375,-2.489739606862588,0.012899725673407705,30.362799285437262,-2.5,0.0,0.0,0.0165,30.363,,,,
1787534991.7388408,-2.489198990886804,0.012332854421244838,30.615176954886127,-2.5,0.0,0.0,0.0164,30.615,,,,
1787534991.8848386,-2.487854598664488,0.01210283525353912,30.836702743291728,-2.5,0.0,0.0,0.0171,30.837,,,,
1787534991.9537582,-2.48739626811471,0.012389588693228403,30.914108001940146,-2.5,0.0,0.0,0.0177,30.914,,,,
1787534992.0807974,-2.4868297545211027,0.013481523724481378,31.034544866863893,-2.5,0.0,0.0,0.0188,31.035,,,,
1787534992.1474102,-2.486561589511069,0.01402601014454845,31.10485348265716,-2.5,0.0,0.0,0.0194,31.105,,,,
1787534992.2937453,-2.4854141367689615,0.01431742027746698,31.56776143872604,-2.5,0.0,0.0,0.0204,31.568,,,,
1787534992.3539124,-2.4846356974858477,0.014108409048695113,31.80452579842132,-2.5,0.0,0.0,0.0209,31.805,,,,
1787534992.4788218,-2.483978927515993,0.013889506829691228,31.907376326680236,-2.5,0.0,0.0,0.0212,31.907,,,,
1787534992.5514917,-2.483830672558719,0.01403795198491325,31.94173483351199,-2.5,0.0,0.0,0.0214,31.942,,,,
1787534992.6796443,-2.484221304507483,0.015273298650835938,32.09749385092035,-2.5,0.0,0.0,0.0220,32.097,,,,
1787534992.737047,-2.4845641009532646,0.016073696706898972,32.16669815635515,-2.5,0.0,0.0,0.0223,32.167,,,,
1787534992.8918395,-2.4851880287646995,0.01692391765661946,32.422498001587265,-2.5,0.0,0.0,0.0225,32.422,,,,
1787534992.964755,-2.485339113468299,0.016689841790434732,32.51260477044257,-2.5,0.0,0.0,0.0222,32.513,,,,
1787534993.085215,-2.4860260069482045,0.016014051338921226,32.47138187952229,-2.5,0.0,0.0,0.0213,32.471,,,,
1787534993.147884,-2.4865969408398927,0.015979235687845064,32.493525697424346,-2.5,0.0,0.0,0.0209,32.494,,,,
1787534993.270517,-2.488608497368444,0.016591309237154683,32.68613987101084,-2.5,0.0,0.0,0.0201,32.686,,,,
1787534993.3925552,-2.4912817326183507,0.017898924894535633,33.0240462097651,-2.5,0.0,0.0,0.0199,33.024,,,,
1787534993.456055,-2.4921024831839396,0.018562742570321412,33.18056979868446,-2.5,0.0,0.0,0.0202,33.181,,,,
1787534993.5806234,-2.4933191488347424,0.01931182190746967,33.51953517550081,-2.5,0.0,0.0,0.0204,33.520,,,,
1787534993.6974773,-2.4941304782794256,0.019378537597936344,33.890131846664794,-2.5,0.0,0.0,0.0202,33.890,,,,
1787534993.762192,-2.4945328828826483,0.019394408585560446,34.09777945714809,-2.5,0.0,0.0,0.0202,34.098,,,,
1787534993.8889842,-2.4946937126373614,0.020744175769024077,34.63918335551437,-2.5,0.0,0.0,0.0214,34.639,,,,
1787534993.9543931,-2.4949939953634135,0.021732947597120706,34.89438279158526,-2.5,0.0,0.0,0.0223,34.894,,,,
1787534994.067751,-2.4952280401781883,0.023246676210407935,35.24599022703659,-2.5,0.0,0.0,0.0237,35.246,,,,
1787534994.1761181,-2.493979840987198,0.023642422906980837,35.62912873245346,-2.5,0.0,0.0,0.0244,35.629,,,,
1787534994.2611217,-2.492922166906757,0.022995624811393486,35.804044500956515,-2.5,0.0,0.0,0.0241,35.804,,,,
1787534994.3923252,-2.4921721921250124,0.02177139243647734,35.98124745251988,-2.5,0.0,0.0,0.0231,35.981,,,,
1787534994.4633145,-2.4921310887967967,0.021217935344877606,36.04956064555351,-2.5,0.0,0.0,0.0226,36.050,,,,
1787534994.5972297,-2.492567233357339,0.020872905954743733,36.12457225734488,-2.5,0.0,0.0,0.0222,36.125,,,,
1787534994.6614182,-2.493000686051812,0.020940121185873108,36.14415921825415,-2.5,0.0,0.0,0.0221,36.144,,,,
1787534994.7976975,-2.493371497273677,0.020969727656894956,36.37943962678477,-2.5,0.0,0.0,0.0220,36.379,,,,
1787534994.8638065,-2.493155644147661,0.02072594535240445,36.58038516366212,-2.5,0.0,0.0,0.0218,36.580,,,,
1787534994.9925277,-2.4923316363528474,0.019688257515315,37.00404677524445,-2.5,0.0,0.0,0.0211,37.004,,,,
1787534995.062296,-2.4924212366866123,0.01934005995419951,37.08867407984113,-2.5,0.0,0.0,0.0208,37.089,,,,
1787534995.1759446,-2.493125949800212,0.019209083226521397,37.176557736248306,-2.5,0.0,0.0,0.0204,37.177,,,,
1787534995.2857347,-2.4949273728889505,0.02000943318838718,37.57324219134492,-2.5,0.0,0.0,0.0206,37.573,,,,
1787534995.3497963,-2.4959339574945822,0.020505711114384317,37.77159479377611,-2.5,0.0,0.0,0.0209,37.772,,,,
1787534995.4781063,-2.496778015783876,0.02115414306684865,38.15023162679828,-2.5,0.0,0.0,0.0214,38.150,,,,
1787534995.5357013,-2.4969545797356774,0.021178433994236696,38.33311123222109,-2.5,0.0,0.0,0.0214,38.333,,,,
1787534995.6628523,-2.4970327700277575,0.02082156032531565,38.742113418870076,-2.5,0.0,0.0,0.0210,38.742,,,,
1787534995.7860546,-2.497027200138675,0.022180915155972432,39.2155668192118,-2.5,0.0,0.0,0.0224,39.216,,,,
1787534995.844143,-2.4973974929078646,0.02324400471311281,39.47133315978908,-2.5,0.0,0.0,0.0234,39.471,,,,
1787534995.9673057,-2.498606755304023,0.025710414126408194,39.98646593110505,-2.5,0.0,0.0,0.0257,39.986,,,,
1787534996.0368862,-2.4993929556328704,0.026476935058011027,40.22833636749898,-2.5,0.0,0.0,0.0265,40.228,,,,
1787534996.1718702,-2.5004315584824277,0.02743531403383212,40.73542156580252,-2.5,0.0,0.0,0.0274,40.735,,,,
1787534996.2675915,-2.5009197132674204,0.027697404992319284,41.25983591026206,-2.5,0.0,0.0,0.0277,41.260,,,,
1787534996.3806906,-2.501703795269712,0.02875180427072037,41.85214798477836,-2.5,0.0,0.0,0.0288,41.852,,,,
1787534996.4811866,-2.502759603606336,0.03026933634540164,42.147841048337824,-2.5,0.0,0.0,0.0304,42.148,,,,
1787534996.5586627,-2.5036212734059875,0.03126775429137865,42.341544694539955,-2.5,0.0,0.0,0.0315,42.342,,,,
1787534996.6972036,-2.5052788686577103,0.03264010619499864,42.71549557953379,-2.5,0.0,0.0,0.0331,42.715,,,,
1787534996.7608838,-2.5057138442206677,0.03271466803284796,42.923180963217945,-2.5,0.0,0.0,0.0332,42.923,,,,
1787534996.8812752,-2.5059059769172674,0.03189047957695161,43.244716356696884,-2.5,0.0,0.0,0.0324,43.245,,,,
1787534996.9414432,-2.5058059120212275,0.031222376976518522,43.39726003621381,-2.5,0.0,0.0,0.0318,43.397,,,,
1787534997.0797977,-2.5058140857772693,0.030447916470105186,43.79859734667016,-2.5,0.0,0.0,0.0310,43.799,,,,
1787534997.1439242,-2.506111769801561,0.0305290586515989,44.02415730928923,-2.5,0.0,0.0,0.0311,44.024,,,,
1787534997.2732103,-2.506665161787519,0.03084170220081401,44.177182843901754,-2.5,0.0,0.0,0.0316,44.177,,,,
1787534997.389155,-2.506690561284597,0.030758629778073705,44.32066149516817,-2.5,0.0,0.0,0.0315,44.321,,,,
1787534997.4464984,-2.506384705617871,0.030318093553885424,44.376076179808116,-2.5,0.0,0.0,0.0310,44.376,,,,
1787534997.575784,-2.5047276941526992,0.028670732220245795,44.75095195736182,-2.5,0.0,0.0,0.0291,44.751,,,,
1787534997.6935248,-2.503273451936806,0.027345270044012892,45.19797112994786,-2.5,0.0,0.0,0.0275,45.198,,,,
1787534997.7500405,-2.502893009277333,0.02712997819031304,45.40987565248587,-2.5,0.0,0.0,0.0273,45.410,,,,
1787534997.8966992,-2.502623627925966,0.02726586546184817,45.99946582127484,-2.5,0.0,0.0,0.0274,45.999,,,,
1787534997.9902313,-2.5022842937845327,0.027417483985197083,46.39288038750612,-2.5,0.0,0.0,0.0275,46.393,,,,
1787534998.066393,-2.5018121450482043,0.027370125044269056,46.59602022175188,-2.5,0.0,0.0,0.0274,46.596,,,,
1787534998.1412368,-2.50114269829621,0.02712993322847187,46.79033755985929,-2.5,0.0,0.0,0.0272,46.790,,,,
1787534998.2665725,-2.4994023542840047,0.026218099153299944,47.23583312226077,-2.5,0.0,0.0,0.0262,47.236,,,,
1787534998.375718,-2.499343556054512,0.026041712566978518,47.35249882992936,-2.5,0.0,0.0,0.0260,47.352,,,,
1787534998.4400754,-2.4995762741280374,0.026199016732690702,47.393706159694794,-2.5,0.0,0.0,0.0262,47.394,,,,
1787534998.560129,-2.501289244386364,0.027117801306994645,47.68805819131184,-2.5,0.0,0.0,0.0271,47.688,,,,
1787534998.6977074,-2.5020752891700853,0.027927754056755353,47.955859681729905,-2.5,0.0,0.0,0.0280,47.956,,,,
1787534998.7557857,-2.5021930663545944,0.02808796743457535,48.09474737153667,-2.5,0.0,0.0,0.0282,48.095,,,,
1787534998.867906,-2.5020172981666255,0.028010453822504076,48.401918362450665,-2.5,0.0,0.0,0.0281,48.402,,,,
1787534998.989097,-2.5023437934227393,0.02772499211822511,48.80694679607026,-2.5,0.0,0.0,0.0278,48.807,,,,
1787534999.0494096,-2.502979672217194,0.02770292507771055,49.01320029641325,-2.5,0.0,0.0,0.0279,49.013,,,,
1787534999.175297,-2.504787793250568,0.02808596737223859,49.40071457948955,-2.5,0.0,0.0,0.0285,49.401,,,,
1787534999.295808,-2.5063199827244964,0.028724003977780722,49.788605372744996,-2.5,0.0,0.0,0.0294,49.789,,,,
1787534999.3554807,-2.506620250196798,0.028953427434830235,49.992292180575575,-2.5,0.0,0.0,0.0297,49.992,,,,
1787534999.4702106,-2.5067521636437657,0.02900368605862501,50.38977649698615,-2.5,0.0,0.0,0.0298,50.390,,,,
1787534999.5280282,-2.5066357085865545,0.028850958316805626,50.614693639696156,-2.5,0.0,0.0,0.0296,50.615,,,,
1787534999.673476,-2.5065936233175847,0.028859114359907026,51.10393300358822,-2.5,0.0,0.0,0.0296,51.104,,,,
1787534999.787038,-2.5073797812518817,0.029665869043204507,51.57153743628812,-2.5,0.0,0.0,0.0306,51.572,,,,
1787534999.8671572,-2.508567729524918,0.03070761332416451,52.02406294808256,-2.5,0.0,0.0,0.0319,52.024,,,,
1787534999.9816542,-2.5090490907957226,0.03185864456982379,52.45015856498539,-2.5,0.0,0.0,0.0331,52.450,,,,
1787535000.0958204,-2.5087038864629223,0.03213852746963511,52.734829957205314,-2.5,0.0,0.0,0.0333,52.735,,,,
1787535000.1575034,-2.5083282164744283,0.0320995279558889,52.89745810164592,-2.5,0.0,0.0,0.0332,52.897,,,,
1787535000.2853913,-2.508325316127389,0.031820087754334064,53.31896516987003,-2.5,0.0,0.0,0.0329,53.319,,,,
1787535000.3488293,-2.508940112362293,0.03178574023805128,53.53530217065158,-2.5,0.0,0.0,0.0330,53.535,,,,
1787535000.474858,-2.510773799308187,0.0321307855892146,53.934567309009836,-2.5,0.0,0.0,0.0339,53.935,,,,
1787535000.5429206,-2.51181787094107,0.032363155632460075,54.1327595010845,-2.5,0.0,0.0,0.0345,54.133,,,,
1787535000.672391,-2.512718068662843,0.03293836041792723,54.484655777925646,-2.5,0.0,0.0,0.0353,54.485,,,,
1787535000.7762246,-2.512835605498421,0.0329598369965899,54.81720040625079,-2.5,0.0,0.0,0.0354,54.817,,,,
1787535000.8421168,-2.512749317390795,0.032841535678825605,55.007437453675664,-2.5,0.0,0.0,0.0352,55.007,,,,
1787535000.9883716,-2.512986174473817,0.03302058977799001,55.47297570881453,-2.5,0.0,0.0,0.0355,55.473,,,,
1787535001.0510592,-2.5134719209772736,0.03341697418703599,55.75204444663155,-2.5,0.0,0.0,0.0360,55.752,,,,
1787535001.1802657,-2.5145261060576845,0.033970108501859914,56.188935354025276,-2.5,0.0,0.0,0.0369,56.189,,,,
1787535001.2499425,-2.5147595106095157,0.03397364249881064,56.36702463214221,-2.5,0.0,0.0,0.0370,56.367,,,,
1787535001.358744,-2.514427228629346,0.033360842595970434,56.75420056394718,-2.5,0.0,0.0,0.0363,56.754,,,,
1787535001.485852,-2.513061533760676,0.032203238259576536,57.26677985878007,-2.5,0.0,0.0,0.0348,57.267,,,,
1787535001.5520973,-2.512381168811736,0.031622024558543654,57.53740097434009,-2.5,0.0,0.0,0.0340,57.537,,,,
1787535001.6868215,-2.5122273323335067,0.03154732604994072,58.08692760881709,-2.5,0.0,0.0,0.0338,58.087,,,,
1787535001.74853,-2.5124744780871775,0.031686893778087345,58.33775013607547,-2.5,0.0,0.0,0.0341,58.338,,,,
1787535001.8756673,-2.5129743015670742,0.03211548682432977,58.72129838794198,-2.5,0.0,0.0,0.0346,58.721,,,,
1787535001.9965687,-2.512591137431625,0.03225947097383591,59.014542206539716,-2.5,0.0,0.0,0.0346,59.015,,,,
1787535002.0557485,-2.512105830098069,0.03215145031648427,59.158997698201524,-2.5,0.0,0.0,0.0344,59.159,,,,
1787535002.1805568,-2.5109266176522005,0.03176617370821453,59.49825167965284,-2.5,0.0,0.0,0.0336,59.498,,,,
1787535002.241781,-2.510688284323909,0.03178958592706403,59.768684055916374,-2.5,0.0,0.0,0.0335,59.769,,,,
1787535002.3678324,-2.5108257022142806,0.032199945861338376,60.27017827980633,-2.5,0.0,0.0,0.0340,60.270,,,,
1787535002.4986138,-2.5115100969201776,0.03284386616117047,60.745658596234804,-2.5,0.0,0.0,0.0348,60.746,,,,
1787535002.5586848,-2.5117137338625346,0.03267970965488681,60.968324850925946,-2.5,0.0,0.0,0.0347,60.968,,,,
1787535002.6790533,-2.5114790222555823,0.03200989831082453,61.40684721572145,-2.5,0.0,0.0,0.0340,61.407,,,,
1787535002.742873,-2.511102683253633,0.03151494348288878,61.64084939122287,-2.5,0.0,0.0,0.0334,61.641,,,,
1787535002.870262,-2.5118712111549497,0.0304188459039685,61.745566891351736,-2.5,0.0,0.0,0.0327,61.746,,,,
1787535002.9890683,-2.513405469027712,0.029871746654999733,61.80919801534556,-2.5,0.0,0.0,0.0327,61.809,,,,
1787535003.0910902,-2.515639680614773,0.029763101524344946,61.78206997447837,-2.5,0.0,0.0,0.0336,61.782,,,,
1787535003.1491935,-2.5160257899629563,0.030379366709855415,61.875684713128514,-2.5,0.0,0.0,0.0343,61.876,,,,
1787535003.266533,-2.516188784728831,0.03134204438632523,62.09722317204672,-2.5,0.0,0.0,0.0353,62.097,,,,
1787535003.3845541,-2.515631136030487,0.031911988222662765,62.32870389260744,-2.5,0.0,0.0,0.0355,62.329,,,,
1787535003.4448457,-2.5152155296419205,0.03210319038149363,62.472501979968705,-2.5,0.0,0.0,0.0355,62.473,,,,
1787535003.5576131,-2.5151641066168517,0.03282462779640167,62.869886330864546,-2.5,0.0,0.0,0.0362,62.870,,,,
1787535003.6617918,-2.5164621356518126,0.03401445837115396,63.49209990902552,-2.5,0.0,0.0,0.0378,63.492,,,,
1787535003.7599356,-2.5179967738474427,0.0349353117389625,63.81982445138155,-2.5,0.0,0.0,0.0393,63.820,,,,
1787535003.8690422,-2.518980847345583,0.0353239933247567,64.02286962862996,-2.5,0.0,0.0,0.0401,64.023,,,,
1787535003.9867659,-2.518921841165,0.03490616014025263,64.19327108770851,-2.5,0.0,0.0,0.0397,64.193,,,,
1787535004.0963943,-2.518328807669539,0.0341127162553959,64.34647715412409,-2.5,0.0,0.0,0.0387,64.346,,,,
1787535004.1658514,-2.518280037156112,0.03409960891702932,64.57603443614971,-2.5,0.0,0.0,0.0387,64.576,,,,
1787535004.2835069,-2.5189123781660285,0.03447377318385719,64.97573028605672,-2.5,0.0,0.0,0.0393,64.976,,,,
1787535004.3807063,-2.520223519066334,0.03508089643211591,65.33957240912778,-2.5,0.0,0.0,0.0405,65.340,,,,
1787535004.4942334,-2.520400249748599,0.03460866967855606,65.80410022896234,-2.5,0.0,0.0,0.0402,65.804,,,,
1787535004.55425,-2.5202274367441673,0.03418759682902796,66.09178692634028,-2.5,0.0,0.0,0.0397,66.092,,,,
1787535004.6809478,-2.519221234445386,0.03287478598348117,66.57287506721687,-2.5,0.0,0.0,0.0381,66.573,,,,
1787535004.792354,-2.517987596592611,0.031443269791480766,67.10869559937055,-2.5,0.0,0.0,0.0362,67.109,,,,
1787535004.848912,-2.5179258143359293,0.031304781755907084,67.37952236372519,-2.5,0.0,0.0,0.0361,67.380,,,,
1787535004.9838297,-2.5184815710591937,0.03128978260331736,67.89223122454261,-2.5,0.0,0.0,0.0363,67.892,,,,
1787535005.0487835,-2.5190411033141666,0.03136108327899796,68.13585787498862,-2.5,0.0,0.0,0.0367,68.136,,,,
1787535005.1652915,-2.5195761894555777,0.03172328909544908,68.43135714371358,-2.5,0.0,0.0,0.0373,68.431,,,,
1787535005.2783384,-2.5192597523157207,0.03177441669278015,68.72894492590788,-2.5,0.0,0.0,0.0372,68.729,,,,
1787535005.3787277,-2.518413481161974,0.0315787366091724,69.07613763004743,-2.5,0.0,0.0,0.0366,69.076,,,,
1787535005.4410303,-2.518177491928788,0.031664244221091556,69.26639096156386,-2.5,0.0,0.0,0.0365,69.266,,,,
1787535005.5919378,-2.5184039641027396,0.032175301652375095,69.58132144641985,-2.5,0.0,0.0,0.0371,69.581,,,,
1787535005.653967,-2.5189200934800633,0.03255130971792715,69.71292608843835,-2.5,0.0,0.0,0.0377,69.713,,,,
1787535005.780519,-2.5199237793193285,0.03327549149429939,70.0033005043543,-2.5,0.0,0.0,0.0388,70.003,,,,
1787535005.8984244,-2.520221525068287,0.033104701493879465,70.52938922473845,-2.5,0.0,0.0,0.0388,70.529,,,,
1787535005.9577556,-2.5199592867806384,0.032828218603551035,70.6872568760529,-2.5,0.0,0.0,0.0384,70.687,,,,
1787535006.0702713,-2.5194009167469784,0.03243314848438679,71.04122819417663,-2.5,0.0,0.0,0.0378,71.041,,,,
1787535006.1875458,-2.5196375758769953,0.032589068127638995,71.32739669599083,-2.5,0.0,0.0,0.0380,71.327,,,,
1787535006.2467933,-2.5201037962864987,0.03278462457448833,71.45191831294011,-2.5,0.0,0.0,0.0385,71.452,,,,
1787535006.3701377,-2.5213974283262086,0.033213070793126215,71.67510110683368,-2.5,0.0,0.0,0.0395,71.675,,,,
1787535006.4894917,-2.5211840493622173,0.03252981793951509,72.18084974656898,-2.5,0.0,0.0,0.0388,72.181,,,,
1787535006.548926,-2.5205731543951044,0.032232413818050046,72.43066944815631,-2.5,0.0,0.0,0.0382,72.431,,,,
1787535006.6541398,-2.5188430184691404,0.03144313330344715,72.96565113101776,-2.5,0.0,0.0,0.0367,72.966,,,,
1787535006.7584376,-2.517713735077218,0.031262864885143134,73.26815243407081,-2.5,0.0,0.0,0.0359,73.268,,,,
1787535006.8843014,-2.517320525049255,0.03144916872924215,73.62758464998085,-2.5,0.0,0.0,0.0359,73.628,,,,
1787535006.94317,-2.517440218816957,0.031560519351521085,73.73159467449194,-2.5,0.0,0.0,0.0361,73.732,,,,
1787535007.0851927,-2.5176866472995507,0.03176629529290348,73.9622821256592,-2.5,0.0,0.0,0.0364,73.962,,,,
1787535007.1644862,-2.51777416974826,0.031890857746611476,74.06205168147963,-2.5,0.0,0.0,0.0365,74.062,,,,
1787535007.285606,-2.51706790418002,0.03186256252061219,74.24969064423301,-2.5,0.0,0.0,0.0361,74.250,,,,
1787535007.343688,-2.516999056285945,0.0319882643967925,74.33130250697374,-2.5,0.0,0.0,0.0362,74.331,,,,
1787535007.4677107,-2.517410734613186,0.03238531937363462,74.71908605143018,-2.5,0.0,0.0,0.0368,74.719,,,,
1787535007.5800374,-2.5191000218398365,0.03292692102922826,75.2097011623125,-2.5,0.0,0.0,0.0381,75.210,,,,
1787535007.697149,-2.5209547208627456,0.03301793899744068,75.71014833031909,-2.5,0.0,0.0,0.0391,75.710,,,,
1787535007.7535033,-2.521573818981995,0.03279209587791883,75.98670960496297,-2.5,0.0,0.0,0.0393,75.987,,,,
1787535007.8733122,-2.5221430611846585,0.03217279882782266,76.52454595607698,-2.5,0.0,0.0,0.0391,76.525,,,,
1787535007.9897342,-2.522155100597975,0.03138841204109587,77.11618382465421,-2.5,0.0,0.0,0.0384,77.116,,,,
1787535008.049748,-2.5223917182907876,0.03133718514846745,77.33485288703399,-2.5,0.0,0.0,0.0385,77.335,,,,
1787535008.1720955,-2.5235572747989603,0.03143541315989193,77.7228380898217,-2.5,0.0,0.0,0.0393,77.723,,,,
1787535008.2901058,-2.525517425592321,0.03163602787757894,78.07611701763784,-2.5,0.0,0.0,0.0406,78.076,,,,
1787535008.3607655,-2.5263055366486946,0.03188979979801993,78.21559631136846,-2.5,0.0,0.0,0.0413,78.216,,,,
1787535008.4829838,-2.527128152494224,0.03228588642546844,78.52492073573288,-2.5,0.0,0.0,0.0422,78.525,,,,
1787535008.5409243,-2.527204252647,0.032405840159881516,78.68480619512326,-2.5,0.0,0.0,0.0423,78.685,,,,
1787535008.6583712,-2.52716811782405,0.03257406023826717,79.05765943406244,-2.5,0.0,0.0,0.0424,79.058,,,,
1787535008.777203,-2.527978554051332,0.032981855010683875,79.46409275200384,-2.5,0.0,0.0,0.0433,79.464,,,,
1787535008.8971698,-2.5300541328506387,0.03349158073074149,79.92055867375065,-2.5,0.0,0.0,0.0450,79.921,,,,
1787535008.9906654,-2.5308449823601573,0.033983322838851894,80.07158260426478,-2.5,0.0,0.0,0.0459,80.072,,,,
1787535009.0480344,-2.5310435441928694,0.03419133590797125,80.2232512285139,-2.5,0.0,0.0,0.0462,80.223,,,,
1787535009.1674397,-2.530308919874543,0.03427014639386064,80.54337626105655,-2.5,0.0,0.0,0.0458,80.543,,,,
1787535009.2854993,-2.5287484693630415,0.03407310124292598,80.98721834273225,-2.5,0.0,0.0,0.0446,80.987,,,,
1787535009.3968897,-2.52828931286121,0.033081360577797106,81.28539373369854,-2.5,0.0,0.0,0.0435,81.285,,,,
1787535009.457729,-2.5284104525044797,0.032643248389663544,81.41757911879105,-2.5,0.0,0.0,0.0433,81.418,,,,
1787535009.5797138,-2.529181427228301,0.031795031116837846,81.65187656572824,-2.5,0.0,0.0,0.0432,81.652,,,,
1787535009.6966581,-2.529414019121191,0.03163403038559644,81.96502422155152,-2.5,0.0,0.0,0.0432,81.965,,,,
1787535009.7558231,-2.529198049503343,0.031513270844763304,82.1243554092521,-2.5,0.0,0.0,0.0430,82.124,,,,
1787535009.8687305,-2.5282106755202647,0.031193592074793056,82.45297111505558,-2.5,0.0,0.0,0.0421,82.453,,,,
1787535009.9868317,-2.5270306518256915,0.03155277721316224,82.90927566412391,-2.5,0.0,0.0,0.0415,82.909,,,,
1787535010.0442774,-2.526702211024226,0.03216590591600499,83.15044163215724,-2.5,0.0,0.0,0.0418,83.150,,,,
1787535010.163177,-2.5267897701585937,0.03345769780579459,83.60693430722806,-2.5,0.0,0.0,0.0429,83.607,,,,
1787535010.2703893,-2.527005785485903,0.03415912467846577,83.94575131152637,-2.5,0.0,0.0,0.0435,83.946,,,,
1787535010.389378,-2.5262727335627977,0.034264110867745314,84.22235414522069,-2.5,0.0,0.0,0.0432,84.222,,,,
1787535010.4468193,-2.525555292051845,0.034290940969320845,84.35300373057001,-2.5,0.0,0.0,0.0428,84.353,,,,
1787535010.5579114,-2.5236824193270997,0.03425149094282752,84.6626279686571,-2.5,0.0,0.0,0.0416,84.663,,,,
1787535010.6758978,-2.5231875093466267,0.03395265437766414,85.01879924441457,-2.5,0.0,0.0,0.0411,85.019,,,,
1787535010.787557,-2.523608937972122,0.03376241989251548,85.31529648441622,-2.5,0.0,0.0,0.0412,85.315,,,,
1787535010.8433867,-2.524071005813337,0.03365539953367484,85.44336612555256,-2.5,0.0,0.0,0.0414,85.443,,,,
1787535010.9645033,-2.5248227846688343,0.03299377846791862,85.85339720005774,-2.5,0.0,0.0,0.0413,85.853,,,,
1787535011.0739102,-2.5245986734896335,0.03186125438732088,86.40632146952748,-2.5,0.0,0.0,0.0403,86.406,,,,
1787535011.1985338,-2.523688273037415,0.030652510344016386,86.97626769605621,-2.5,0.0,0.0,0.0387,86.976,,,,
1787535011.2615485,-2.5233364956651436,0.030476613069102928,87.15326419321194,-2.5,0.0,0.0,0.0384,87.153,,,,
1787535011.3833566,-2.5233518407797924,0.030225792117296806,87.43835183797918,-2.5,0.0,0.0,0.0382,87.438,,,,
1787535011.4434416,-2.5236993789814717,0.030111737331391775,87.56290821665316,-2.5,0.0,0.0,0.0383,87.563,,,,
1787535011.5717175,-2.5247229714044988,0.029825494852248793,87.79309031888909,-2.5,0.0,0.0,0.0387,87.793,,,,
1787535011.6890972,-2.5249188434408576,0.029741569898688137,88.17679181354471,-2.5,0.0,0.0,0.0388,88.177,,,,
1787535011.7991977,-2.523965272355927,0.029998820270223273,88.70404947864205,-2.5,0.0,0.0,0.0384,88.704,,,,
1787535011.865488,-2.523836704066742,0.030512462727581798,88.8445510723414,-2.5,0.0,0.0,0.0387,88.845,,,,
1787535011.97993,-2.5242373786178294,0.03156232086859655,89.13181730929904,-2.5,0.0,0.0,0.0398,89.132,,,,
1787535012.0970752,-2.5260371676075395,0.03225515269306279,89.50110353557672,-2.5,0.0,0.0,0.0415,89.501,,,,
1787535012.1579962,-2.527250161486971,0.03254852587109863,89.68017690034212,-2.5,0.0,0.0,0.0424,89.680,,,,
1787535012.2702863,-2.5290414087943796,0.03316368599814586,90.08616225811886,-2.5,0.0,0.0,0.0441,90.086,,,,
1787535012.38896,-2.5295051109563533,0.03382554500753132,90.42957456143466,-2.5,0.0,0.0,0.0449,90.430,,,,
1787535012.446753,-2.5293706777261833,0.03414294021857857,90.57141780330642,-2.5,0.0,0.0,0.0450,90.571,,,,
1787535012.5693767,-2.529213864734083,0.03427860653387138,90.90815651598108,-2.5,0.0,0.0,0.0450,90.908,,,,
1787535012.6901357,-2.5300970059061347,0.033992647409973965,91.1982751241381,-2.5,0.0,0.0,0.0454,91.198,,,,
1787535012.7498837,-2.530943294902472,0.03378556452905024,91.37086371994135,-2.5,0.0,0.0,0.0458,91.371,,,,
1787535012.8737495,-2.532900808728257,0.03330312207193743,91.71099857036452,-2.5,0.0,0.0,0.0468,91.711,,,,
1787535012.9786053,-2.533545965998327,0.0335031527355104,92.16199147303001,-2.5,0.0,0.0,0.0474,92.162,,,,
1787535013.0980654,-2.533260924808288,0.03372012589681502,92.45011825940705,-2.5,0.0,0.0,0.0474,92.450,,,,
1787535013.1607206,-2.532908671093106,0.033816669120018406,92.6219355984743,-2.5,0.0,0.0,0.0472,92.622,,,,
1787535013.2826083,-2.5331046221658275,0.03307897688127605,93.00105924685141,-2.5,0.0,0.0,0.0468,93.001,,,,
1787535013.3425436,-2.5336147841866317,0.032658608920539164,93.19763882361455,-2.5,0.0,0.0,0.0469,93.198,,,,
1787535013.4628465,-2.5352233747492874,0.03173237238198925,93.5608652607061,-2.5,0.0,0.0,0.0474,93.561,,,,
1787535013.532346,-2.535665297780573,0.030812590372188815,93.68236597080377,-2.5,0.0,0.0,0.0471,93.682,,,,
1787535013.6674669,-2.53576837358775,0.029066266045289488,93.96288269742737,-2.5,0.0,0.0,0.0461,93.963,,,,
1787535013.787646,-2.5350242475362936,0.0273369193101778,94.27658333546043,-2.5,0.0,0.0,0.0444,94.277,,,,
1787535013.8490572,-2.534815078429218,0.027252448091686428,94.49582100575012,-2.5,0.0,0.0,0.0442,94.496,,,,
1787535013.9715195,-2.535126148712588,0.02708930436188115,94.88089589732753,-2.5,0.0,0.0,0.0444,94.881,,,,
1787535014.0941615,-2.5363222122795364,0.026814840595112785,95.22618879163541,-2.5,0.0,0.0,0.0451,95.226,,,,
1787535014.1554816,-2.5370127322330345,0.026644840303158227,95.4049961321124,-2.5,0.0,0.0,0.0456,95.405,,,,
1787535014.276566,-2.5374964418231514,0.028122975734260293,95.84381818174563,-2.5,0.0,0.0,0.0469,95.844,,,,
1787535014.339617,-2.537295965007502,0.028996375447573414,96.1312583246872,-2.5,0.0,0.0,0.0472,96.131,,,,
1787535014.4622517,-2.5364247247467286,0.030748434236853868,96.7611696054789,-2.5,0.0,0.0,0.0477,96.761,,,,
1787535014.5815594,-2.536484980536369,0.032035233268883384,97.17262892573704,-2.5,0.0,0.0,0.0486,97.173,,,,
1787535014.6957266,-2.537502989724771,0.03320478507501769,97.5320110996948,-2.5,0.0,0.0,0.0501,97.532,,,,
1787535014.7576199,-2.5382319142086267,0.03372748168469858,97.70073263613132,-2.5,0.0,0.0,0.0510,97.701,,,,
1787535014.8816397,-2.539169829895501,0.03479060471426725,98.12893190783882,-2.5,0.0,0.0,0.0524,98.129,,,,
1787535014.942473,-2.5392167779319172,0.035349020539014175,98.37023626046866,-2.5,0.0,0.0,0.0528,98.370,,,,
1787535015.0594842,-2.5382348974302116,0.03654436064967365,98.7207414302284,-2.5,0.0,0.0,0.0529,98.721,,,,
1787535015.1877239,-2.537408562272266,0.03726560759052595,99.14516531698354,-2.5,0.0,0.0,0.0528,99.145,,,,
1787535015.2514539,-2.5374794247639882,0.03736127767637583,99.34461504424128,-2.5,0.0,0.0,0.0529,99.345,,,,
1787535015.373501,-2.538552192796544,0.037204861631608944,99.87635197466028,-2.5,0.0,0.0,0.0536,99.876,,,,
1787535015.4885476,-2.5394538972626703,0.036718920042365585,100.33337584061839,-2.5,0.0,0.0,0.0539,100.333,,,,
1787535015.5470355,-2.5394658580986778,0.036431862926363384,100.53694925070555,-2.5,0.0,0.0,0.0537,100.537,,,,
1787535015.663245,-2.5386511564573686,0.035990258293674915,100.78799365384836,-2.5,0.0,0.0,0.0528,100.788,,,,
1787535015.785629,-2.537502625032668,0.035048169062478235,101.03030618227481,-2.5,0.0,0.0,0.0513,101.030,,,,
1787535015.8453033,-2.53727674409424,0.034294826770016835,101.13446195107879,-2.5,0.0,0.0,0.0507,101.134,,,,
1787535015.9622993,-2.5375466742779684,0.03265580704955428,101.29598172369616,-2.5,0.0,0.0,0.0498,101.296,,,,
1787535016.0843391,-2.5384172652563928,0.030820030590351474,101.41665767447537,-2.5,0.0,0.0,0.0493,101.417,,,,
1787535016.1457908,-2.5385171646469957,0.029456861631760065,101.60162555507965,-2.5,0.0,0.0,0.0485,101.602,,,,
1787535016.2637591,-2.5379181160832425,0.027230475134054632,102.04630917757714,-2.5,0.0,0.0,0.0467,102.046,,,,
1787535016.3818617,-2.536504215832519,0.02525799740906251,102.5624333709334,-2.5,0.0,0.0,0.0444,102.562,,,,
1787535016.4470925,-2.5362022007005156,0.024935473858519252,102.74678781351781,-2.5,0.0,0.0,0.0440,102.747,,,,
1787535016.5733624,-2.5363218077486662,0.02418993099293923,103.04959166506589,-2.5,0.0,0.0,0.0436,103.050,,,,
1787535016.6852064,-2.5372853872618997,0.023204736588831168,103.30039784080238,-2.5,0.0,0.0,0.0439,103.300,,,,
1787535016.7915077,-2.53813774473247,0.02302401882002427,103.62754910233782,-2.5,0.0,0.0,0.0445,103.628,,,,
1787535016.8504233,-2.5382822367797617,0.023419265544459465,103.82920931549063,-2.5,0.0,0.0,0.0449,103.829,,,,
1787535016.9702532,-2.5378006831486504,0.024531668340434316,104.33562934908821,-2.5,0.0,0.0,0.0451,104.336,,,,
1787535017.0900395,-2.5373232073102994,0.026374123719046412,104.80123554300926,-2.5,0.0,0.0,0.0457,104.801,,,,
1787535017.1516855,-2.537529705708787,0.027594310240343527,104.96916570081002,-2.5,0.0,0.0,0.0466,104.969,,,,
1787535017.2659652,-2.538671370993809,0.029843541703387867,105.2646256318383,-2.5,0.0,0.0,0.0488,105.265,,,,
1787535017.3931198,-2.540349930459989,0.03187979577455307,105.5335640276842,-2.5,0.0,0.0,0.0514,105.534,,,,
1787535017.4568326,-2.5406561404016164,0.03278081486501723,105.74920092326697,-2.5,0.0,0.0,0.0522,105.749,,,,
1787535017.5820916,-2.5405012190381284,0.03485226887967356,106.12890921390293,-2.5,0.0,0.0,0.0534,106.129,,,,
1787535017.642817,-2.5400848600970414,0.03597945715950392,106.30586470128705,-2.5,0.0,0.0,0.0539,106.306,,,,
1787535017.7682803,-2.5393805077760274,0.03771520336775992,106.71301388234295,-2.5,0.0,0.0,0.0545,106.713,,,,
1787535017.8891017,-2.5397715891684434,0.03866760572712577,107.15040893736574,-2.5,0.0,0.0,0.0555,107.150,,,,
1787535017.9480262,-2.5403356287304235,0.03896720697159455,107.38673947218398,-2.5,0.0,0.0,0.0561,107.387,,,,
1787535018.0722811,-2.5415815223923537,0.03948083610353302,107.87540004698957,-2.5,0.0,0.0,0.0573,107.875,,,,
1787535018.1924355,-2.541364440360192,0.03985227544594671,108.14663158181664,-2.5,0.0,0.0,0.0574,108.147,,,,
1787535018.29925,-2.5406117000979465,0.04014836463742477,108.13115501395137,-2.5,0.0,0.0,0.0571,108.131,,,,
1787535018.3615465,-2.5405170251143976,0.04003327135959833,108.14536521914246,-2.5,0.0,0.0,0.0570,108.145,,,,
1787535018.4862971,-2.5409373436439417,0.03938737274209668,108.09471981947206,-2.5,0.0,0.0,0.0568,108.095,,,,
1787535018.546932,-2.54161083534249,0.038824953831690726,108.13093268157989,-2.5,0.0,0.0,0.0569,108.131,,,,
1787535018.6760688,-2.543374887328251,0.03747498594777288,108.17784754968508,-2.5,0.0,0.0,0.0573,108.178,,,,
1787535018.7863033,-2.5440955819514808,0.035770392207570695,108.34549447236495,-2.5,0.0,0.0,0.0568,108.345,,,,
1787535018.894845,-2.544115683083214,0.03430853686833426,108.51715411843925,-2.5,0.0,0.0,0.0559,108.517,,,,
1787535018.9546187,-2.5438632525557012,0.03363362459105912,108.62829750780436,-2.5,0.0,0.0,0.0553,108.628,,,,
1787535019.0760467,-2.5436147008449503,0.031152880213381303,108.79490401799296,-2.5,0.0,0.0,0.0536,108.795,,,,
1787535019.1947844,-2.5442802020206106,0.028412328388806432,108.90789822099991,-2.5,0.0,0.0,0.0526,108.908,,,,
1787535019.2478652,-2.5448875219231137,0.02691942450995589,108.94714831267419,-2.5,0.0,0.0,0.0523,108.947,,,,
1787535019.3702557,-2.546049572679529,0.024746108741532134,109.12486172067837,-2.5,0.0,0.0,0.0523,109.125,,,,
1787535019.4928043,-2.5463316574455073,0.02375164121561356,109.42187511433504,-2.5,0.0,0.0,0.0521,109.422,,,,
1787535019.5527644,-2.546137247484284,0.023368877248638197,109.57017541183143,-2.5,0.0,0.0,0.0517,109.570,,,,
1787535019.6752384,-2.5455085225127196,0.022653174847449685,109.92145144442905,-2.5,0.0,0.0,0.0508,109.921,,,,
1787535019.7426043,-2.545409134996934,0.02225042912501452,110.08457733297153,-2.5,0.0,0.0,0.0506,110.085,,,,
1787535019.8613136,-2.54703060384621,0.022050835438707714,110.51577667478233,-2.5,0.0,0.0,0.0519,110.516,,,,
1787535019.9540155,-2.5492095454303727,0.021581894281999386,110.8869702736422,-2.5,0.0,0.0,0.0537,110.887,,,,
1787535020.0770094,-2.550444913725791,0.021595213428097115,111.17509615824216,-2.5,0.0,0.0,0.0549,111.175,,,,
1787535020.1373923,-2.550731145801719,0.02173701066245573,111.32070473150783,-2.5,0.0,0.0,0.0552,111.321,,,,
1787535020.2597458,-2.550759145614364,0.022223761214350206,111.63573887349172,-2.5,0.0,0.0,0.0554,111.636,,,,
1787535020.3753428,-2.5508885736869096,0.02268703475520515,111.9786354154903,-2.5,0.0,0.0,0.0557,111.979,,,,
1787535020.4910989,-2.5522238731281175,0.022665070660266615,112.50188144413504,-2.5,0.0,0.0,0.0569,112.502,,,,
1787535020.5507298,-2.5531833140864335,0.022478379190314538,112.76359457083325,-2.5,0.0,0.0,0.0577,112.764,,,,
1787535020.6706684,-2.5539045794395,0.02228245648686275,113.08493541439573,-2.5,0.0,0.0,0.0583,113.085,,,,
1787535020.78652,-2.5539390535953848,0.022499338339257283,113.43482423500684,-2.5,0.0,0.0,0.0584,113.435,,,,
1787535020.8450441,-2.55366481733812,0.022733631547213383,113.60399890043021,-2.5,0.0,0.0,0.0583,113.604,,,,
1787535020.9598417,-2.5527919498930234,0.02328835835682149,113.99561668926113,-2.5,0.0,0.0,0.0577,113.996,,,,
1787535021.0931191,-2.5530255390819008,0.023551480675719647,114.45289148758344,-2.5,0.0,0.0,0.0580,114.453,,,,
1787535021.154133,-2.5535082169435945,0.023524072546746495,114.6581499166956,-2.5,0.0,0.0,0.0585,114.658,,,,
1787535021.269245,-2.5547634032800137,0.0232425434561326,115.04120926593895,-2.5,0.0,0.0,0.0595,115.041,,,,
1787535021.3917007,-2.5556056816033883,0.023444848541073874,115.43565585934648,-2.5,0.0,0.0,0.0603,115.436,,,,
1787535021.450946,-2.555703816373451,0.023701299208567624,115.6265000850338,-2.5,0.0,0.0,0.0605,115.627,,,,
1787535021.5625274,-2.5553953977516994,0.02441387873799662,116.0441436764358,-2.5,0.0,0.0,0.0605,116.044,,,,
1787535021.682244,-2.5554107171815046,0.024967101638242832,116.52518892192442,-2.5,0.0,0.0,0.0608,116.525,,,,
1787535021.7989314,-2.5564783690274933,0.024936040897025367,117.08468038809326,-2.5,0.0,0.0,0.0617,117.085,,,,
1787535021.8575118,-2.5572991392461537,0.024700268666113474,117.38711066398685,-2.5,0.0,0.0,0.0624,117.387,,,,
1787535021.9811544,-2.558443389093777,0.024111157997970003,117.90023084678303,-2.5,0.0,0.0,0.0632,117.900,,,,
1787535022.0434608,-2.558521208165302,0.02391727888970023,118.11091838296343,-2.5,0.0,0.0,0.0632,118.111,,,,
1787535022.1666274,-2.5579361792170037,0.02387967696016545,118.40148823764618,-2.5,0.0,0.0,0.0627,118.401,,,,
1787535022.286293,-2.5570305329370426,0.023429909559828474,118.7690177845616,-2.5,0.0,0.0,0.0617,118.769,,,,
1787535022.3497095,-2.556833195457239,0.022837285281156694,118.93976868150473,-2.5,0.0,0.0,0.0612,118.940,,,,
1787535022.4789178,-2.557079046027294,0.02126811018636044,119.24987832955306,-2.5,0.0,0.0,0.0609,119.250,,,,
1787535022.5985522,-2.557206601199772,0.019144420437793273,119.51778755423916,-2.5,0.0,0.0,0.0603,119.518,,,,
1787535022.6618698,-2.556801857101581,0.018100872480234648,119.66096910538722,-2.5,0.0,0.0,0.0596,119.661,,,,
1787535022.786891,-2.555338479012924,0.01657595050187328,120.00184607027566,-2.5,0.0,0.0,0.0578,120.002,,,,
1787535022.8475335,-2.554336213790118,0.01604754346646993,120.23057198436574,-2.5,0.0,0.0,0.0567,120.231,,,,
1787535022.9684067,-2.55317573238604,0.015323904147436625,120.72381686571296,-2.5,0.0,0.0,0.0553,120.724,,,,
1787535023.0862486,-2.5535831547133765,0.014588226482606437,121.10935767797316,-2.5,0.0,0.0,0.0555,121.109,,,,
1787535023.1459885,-2.5541032515513433,0.014037418995059791,121.24127220097532,-2.5,0.0,0.0,0.0559,121.241,,,,
1787535023.2653444,-2.555351053733297,0.013681110748709573,121.55243966006567,-2.5,0.0,0.0,0.0570,121.552,,,,
1787535023.383722,-2.556142635866136,0.014556024124231496,121.95095786362738,-2.5,0.0,0.0,0.0580,121.951,,,,
1787535023.4449027,-2.556210426888115,0.01524905476192635,122.20878152673934,-2.5,0.0,0.0,0.0582,122.209,,,,
1787535023.5577965,-2.5561150950771196,0.016740012368263446,122.78288010631545,-2.5,0.0,0.0,0.0586,122.783,,,,
1787535023.679959,-2.556927239619441,0.017290779165954107,123.25844317743298,-2.5,0.0,0.0,0.0595,123.258,,,,
1787535023.7398658,-2.5577325581001493,0.01724217291139264,123.56769160751618,-2.5,0.0,0.0,0.0603,123.568,,,,
1787535023.8618977,-2.55964122574828,0.016842062202482466,124.16629744656005,-2.5,0.0,0.0,0.0620,124.166,,,,
1787535023.9629729,-2.5609417530725738,0.01692721508819211,124.5655334345811,-2.5,0.0,0.0,0.0632,124.566,,,,
1787535024.0755444,-2.5615945307149244,0.017461927812236402,124.96571454723698,-2.5,0.0,0.0,0.0640,124.966,,,,
1787535024.1950135,-2.561740290792343,0.018290128546937776,125.42675908684974,-2.5,0.0,0.0,0.0644,125.427,,,,
1787535024.2564273,-2.5620878219158643,0.01851660361444377,125.66973964607696,-2.5,0.0,0.0,0.0648,125.670,,,,
1787535024.3799915,-2.5634494526488236,0.018448414888986287,126.18734293832664,-2.5,0.0,0.0,0.0661,126.187,,,,
1787535024.450303,-2.5643999877323833,0.018142406231013392,126.46737706432573,-2.5,0.0,0.0,0.0669,126.467,,,,
1787535024.5734053,-2.565894747541945,0.01741043081002119,126.95096868448114,-2.5,0.0,0.0,0.0682,126.951,,,,
1787535024.6952891,-2.5661947794757163,0.01721043144710744,127.32009086697009,-2.5,0.0,0.0,0.0684,127.320,,,,
1787535024.7579608,-2.566020712523608,0.017328967849273527,127.49633380344902,-2.5,0.0,0.0,0.0683,127.496,,,,
1787535024.8778281,-2.5654077076381387,0.017190315862982336,127.80866059503278,-2.5,0.0,0.0,0.0676,127.809,,,,
1787535024.988122,-2.5653515293269327,0.016165413021920018,127.97692982444259,-2.5,0.0,0.0,0.0673,127.977,,,,
1787535025.0931103,-2.5658786515162153,0.014645519320040868,128.10961465630825,-2.5,0.0,0.0,0.0675,128.110,,,,
1787535025.1523647,-2.5653876855320417,0.014029289489365415,128.2419585094569,-2.5,0.0,0.0,0.0669,128.242,,,,
1787535025.2722478,-2.5639146471049052,0.012938715524577527,128.6882752548789,-2.5,0.0,0.0,0.0652,128.688,,,,
1787535025.3854113,-2.561686162577228,0.012669740144376499,129.09580601053082,-2.5,0.0,0.0,0.0630,129.096,,,,
1787535025.4443026,-2.5603949893200952,0.012782650225830946,129.3519240258663,-2.5,0.0,0.0,0.0617,129.352,,,,
1787535025.562659,-2.5585751854504206,0.012969520356731365,129.87778694221012,-2.5,0.0,0.0,0.0600,129.878,,,,
1787535025.68218,-2.558187550998573,0.012622426235481215,130.2609610417967,-2.5,0.0,0.0,0.0595,130.261,,,,
1787535025.7441182,-2.5582712793778546,0.012216898835213121,130.38372163536926,-2.5,0.0,0.0,0.0595,130.384,,,,
1787535025.8692102,-2.5587321840042323,0.012028773886662278,130.65769819066261,-2.5,0.0,0.0,0.0600,130.658,,,,
1787535025.9940302,-2.5588279182442464,0.013212294984027942,131.01511241321649,-2.5,0.0,0.0,0.0603,131.015,,,,
1787535026.0551755,-2.5586244404267524,0.014064991636129301,131.2321954955584,-2.5,0.0,0.0,0.0603,131.232,,,,
1787535026.1745012,-2.5582156142314028,0.015593335809578026,131.6773425608012,-2.5,0.0,0.0,0.0603,131.677,,,,
1787535026.291525,-2.558531744982755,0.016406003307041797,132.02997227067345,-2.5,0.0,0.0,0.0608,132.030,,,,
1787535026.3430948,-2.558944660944804,0.016569376176427585,132.1873024148178,-2.5,0.0,0.0,0.0612,132.187,,,,
1787535026.463442,-2.5599167155379403,0.016675698701320896,132.49021307134618,-2.5,0.0,0.0,0.0622,132.490,,,,
1787535026.5653827,-2.559753661961338,0.016708662630919326,133.10068520060298,-2.5,0.0,0.0,0.0620,133.101,,,,
1787535026.673536,-2.5590585687535414,0.017239341773307826,133.7028333255842,-2.5,0.0,0.0,0.0615,133.703,,,,
1787535026.7759728,-2.558234466932094,0.018128851998301394,134.14352404278802,-2.5,0.0,0.0,0.0610,134.144,,,,
1787535026.8527474,-2.5580219533352624,0.018802937962715142,134.34822693002556,-2.5,0.0,0.0,0.0610,134.348,,,,
1787535026.9810333,-2.558337904483413,0.018996567490096393,134.50555748544065,-2.5,0.0,0.0,0.0614,134.506,,,,
1787535027.0541482,-2.558732633589914,0.018819260807644726,134.5609367144274,-2.5,0.0,0.0,0.0617,134.561,,,,
1787535027.1336896,-2.559146469599607,0.018613853474116884,134.62621608094824,-2.5,0.0,0.0,0.0620,134.626,,,,
1787535027.2546103,-2.559871283489224,0.01858372299126919,134.9529979632158,-2.5,0.0,0.0,0.0627,134.953,,,,
1787535027.3775778,-2.560405870539948,0.018709374326425644,135.21083777525817,-2.5,0.0,0.0,0.0632,135.211,,,,
1787535027.4467874,-2.5606967162558893,0.018498034931365436,135.32788189948323,-2.5,0.0,0.0,0.0635,135.328,,,,
1787535027.5535605,-2.5616897478036105,0.01739491434910023,135.5233849701385,-2.5,0.0,0.0,0.0641,135.523,,,,
1787535027.693544,-2.563285564362917,0.015366368881954848,135.78437792023314,-2.5,0.0,0.0,0.0651,135.784,,,,
1787535027.7505457,-2.5641892755665525,0.014208592244315373,135.91427935699403,-2.5,0.0,0.0,0.0657,135.914,,,,
1787535027.8716357,-2.5648335663480406,0.012034017316822057,136.2897663415265,-2.5,0.0,0.0,0.0659,136.290,,,,
1787535027.9415495,-2.5649126646394924,0.011208596225125987,136.47271580909018,-2.5,0.0,0.0,0.0659,136.473,,,,
1787535028.0709767,-2.564664659928827,0.00994346685212412,136.8847564461415,-2.5,0.0,0.0,0.0654,136.885,,,,
1787535028.1894975,-2.565280289530902,0.008724931830581113,137.26614036189483,-2.5,0.0,0.0,0.0659,137.266,,,,
1787535028.2496912,-2.5658584525326606,0.007835623985670006,137.4393562803881,-2.5,0.0,0.0,0.0663,137.439,,,,
1787535028.3805697,-2.5673355678041014,0.005628111738020988,137.7596739612541,-2.5,0.0,0.0,0.0676,137.760,,,,
1787535028.443019,-2.5677563022154075,0.005213201120990419,137.92261605302434,-2.5,0.0,0.0,0.0680,137.923,,,,
1787535028.5604346,-2.5681658424156284,0.004917830350684441,138.27570272518173,-2.5,0.0,0.0,0.0683,138.276,,,,
1787535028.6891396,-2.567734550663722,0.005758398957810534,138.74644343714138,-2.5,0.0,0.0,0.0680,138.746,,,,
1787535028.752985,-2.567478981534848,0.006207399130108038,139.0067731996886,-2.5,0.0,0.0,0.0678,139.007,,,,
1787535028.880657,-2.5677803142285396,0.006310982184067826,139.5091038448785,-2.5,0.0,0.0,0.0681,139.509,,,,
1787535028.9514027,-2.568176849272104,0.006069182200437087,139.7449425144232,-2.5,0.0,0.0,0.0684,139.745,,,,
1787535029.0749094,-2.5688171045444137,0.005861447524315308,140.10075876494741,-2.5,0.0,0.0,0.0691,140.101,,,,
1787535029.195128,-2.568697324847144,0.006827356020009374,140.4055458733889,-2.5,0.0,0.0,0.0690,140.406,,,,
1787535029.2587466,-2.568193946649419,0.007710477415035514,140.52221446549726,-2.5,0.0,0.0,0.0686,140.522,,,,
1787535029.3807538,-2.5669162150466556,0.009717385167534188,140.81535051713354,-2.5,0.0,0.0,0.0676,140.815,,,,
1787535029.4967537,-2.5664047849835527,0.011106705470703946,141.3170881490881,-2.5,0.0,0.0,0.0673,141.317,,,,
1787535029.5575018,-2.5664090199224674,0.011448502425584843,141.6137794349996,-2.5,0.0,0.0,0.0674,141.614,,,,
1787535029.6654575,-2.566670864197032,0.011701195650262123,142.18102611623326,-2.5,0.0,0.0,0.0677,142.181,,,,
1787535029.7737997,-2.5659681208564944,0.01197530998263505,142.81409387968625,-2.5,0.0,0.0,0.0670,142.814,,,,
1787535029.8398416,-2.5654157615972304,0.0123925640758753,143.13798216478494,-2.5,0.0,0.0,0.0666,143.138,,,,
1787535029.964017,-2.563915177415621,0.013746045310603732,143.79571472603217,-2.5,0.0,0.0,0.0654,143.796,,,,
1787535030.083491,-2.5627749958429655,0.01503644359108383,144.39311907465586,-2.5,0.0,0.0,0.0646,144.393,,,,
1787535030.146894,-2.5626345192181863,0.015365883680298772,144.61185151723504,-2.5,0.0,0.0,0.0645,144.612,,,,
1787535030.2734225,-2.562739632562661,0.015443652944418882,145.02215860893975,-2.5,0.0,0.0,0.0646,145.022,,,,
1787535030.3377073,-2.5628878131351867,0.015295844573070653,145.22316337318352,-2.5,0.0,0.0,0.0647,145.223,,,,
1787535030.4608448,-2.562648433040268,0.015375630134620195,145.79303571981455,-2.5,0.0,0.0,0.0645,145.793,,,,
1787535030.5807958,-2.5613516179720413,0.015993880074850968,146.09886756781734,-2.5,0.0,0.0,0.0634,146.099,,,,
1787535030.699247,-2.559973192029832,0.0157337700695932,146.36413391874618,-2.5,0.0,0.0,0.0620,146.364,,,,
1787535030.760253,-2.559505966955715,0.015295345425742266,146.4968499035204,-2.5,0.0,0.0,0.0614,146.497,,,,
1787535030.8796766,-2.5596019400469108,0.01345765429615299,146.84697785122358,-2.5,0.0,0.0,0.0611,146.847,,,,
1787535030.9467626,-2.5598843383073633,0.01217057201845204,147.01702277035338,-2.5,0.0,0.0,0.0611,147.017,,,,
1787535031.0497463,-2.560491223910381,0.010109794873021702,147.39620480914277,-2.5,0.0,0.0,0.0613,147.396,,,,
1787535031.1705105,-2.5608392340130113,0.009083656927092508,147.78913721389708,-2.5,0.0,0.0,0.0615,147.789,,,,
1787535031.2871764,-2.560737355158412,0.008693182435068355,148.20525425105365,-2.5,0.0,0.0,0.0614,148.205,,,,
1787535031.34229,-2.5612506694297785,0.008705453766034058,148.3725257044583,-2.5,0.0,0.0,0.0619,148.373,,,,
1787535031.460959,-2.5626580228277542,0.008232099104928349,148.64329852638244,-2.5,0.0,0.0,0.0632,148.643,,,,
1787535031.581715,-2.564508641426636,0.006972664008898311,148.85980274400293,-2.5,0.0,0.0,0.0649,148.860,,,,
1787535031.643104,-2.5654701193484226,0.006232832152045441,148.96830036171048,-2.5,0.0,0.0,0.0658,148.968,,,,
1787535031.7606335,-2.566701178855074,0.005762234590842488,149.38310804145613,-2.5,0.0,0.0,0.0669,149.383,,,,
1787535031.880105,-2.5675010372073603,0.006020219998639217,149.79335059069012,-2.5,0.0,0.0,0.0678,149.793,,,,
1787535031.9415433,-2.567761176575003,0.006345217613349729,150.02275130461337,-2.5,0.0,0.0,0.0681,150.023,,,,
1787535032.0613708,-2.5685131245256203,0.006508828952983316,150.51791080577303,-2.5,0.0,0.0,0.0688,150.518,,,,
1787535032.1706057,-2.569721332202356,0.005527066728499072,151.14251252648944,-2.5,0.0,0.0,0.0699,151.143,,,,
1787535032.292342,-2.571098066084853,0.0039917919929511395,151.77736929350252,-2.5,0.0,0.0,0.0712,151.777,,,,
1787535032.3538256,-2.571242264237953,0.003517621994831646,151.98026890739217,-2.5,0.0,0.0,0.0713,151.980,,,,
1787535032.473436,-2.571117134800696,0.003349052801517367,152.3117935910997,-2.5,0.0,0.0,0.0712,152.312,,,,
1787535032.592451,-2.570522723407903,0.003917795093096304,152.59786296946902,-2.5,0.0,0.0,0.0706,152.598,,,,
1787535032.6524844,-2.5699433298728214,0.0037492831239975817,152.75399012197056,-2.5,0.0,0.0,0.0700,152.754,,,,
1787535032.7738194,-2.569202343809219,0.0027724351639889767,152.9995801182667,-2.5,0.0,0.0,0.0693,153.000,,,,
1787535032.8858895,-2.5688114739071275,0.0010153113611338863,153.2034237827534,-2.5,0.0,0.0,0.0688,153.203,,,,
1787535032.9453723,-2.5686252121541786,8.418774670904561e-05,153.31263440727224,-2.5,0.0,0.0,0.0686,153.313,,,,
1787535033.0596488,-2.5687695905696644,-0.0004424982251500513,153.7343866563818,-2.5,0.0,0.0,0.0688,153.734,,,,
1787535033.1804929,-2.5685284070766348,-0.00017493497610872408,154.15839528510378,-2.5,0.0,0.0,0.0685,154.158,,,,
1787535033.2404747,-2.5682997216406873,0.00013759995678879356,154.3990572088498,-2.5,0.0,0.0,0.0683,154.399,,,,
1787535033.3652573,-2.5682228984542506,0.0002697068672312033,154.90710623242055,-2.5,0.0,0.0,0.0682,154.907,,,,
1787535033.4862182,-2.5687456338815973,-0.0007383185743850005,155.51863644423693,-2.5,0.0,0.0,0.0687,155.519,,,,
1787535033.545964,-2.56908553408668,-0.001524784711640157,155.8299475801116,-2.5,0.0,0.0,0.0691,155.830,,,,
1787535033.6676338,-2.568684864627058,-0.0025786704953711516,156.0840148615784,-2.5,0.0,0.0,0.0687,156.084,,,,
1787535033.7868059,-2.5679236778186234,-0.002775072667345592,156.3539193213802,-2.5,0.0,0.0,0.0680,156.354,,,,
1787535033.846502,-2.5674177781890855,-0.0026410678932695868,156.5085150151995,-2.5,0.0,0.0,0.0675,156.509,,,,
1787535033.9687681,-2.566765438107277,-0.0024563934432424283,156.9008046560243,-2.5,0.0,0.0,0.0668,156.901,,,,
1787535034.0730705,-2.566856910993798,-0.0031024759739997337,157.28302532580017,-2.5,0.0,0.0,0.0669,157.283,,,,
1787535034.1959589,-2.5671984162497523,-0.004486392522921368,157.63303382779216,-2.5,0.0,0.0,0.0673,157.633,,,,
1787535034.2579317,-2.567356776425295,-0.005195571663111722,157.8198328906352,-2.5,0.0,0.0,0.0676,157.820,,,,
1787535034.379705,-2.567769980542169,-0.005628481775990769,158.2765160469422,-2.5,0.0,0.0,0.0680,158.277,,,,
1787535034.4397697,-2.5678220277669137,-0.005482954830062806,158.47308494499558,-2.5,0.0,0.0,0.0680,158.473,,,,
1787535034.5629385,-2.56775147178854,-0.0048789137099547655,158.92439025159646,-2.5,0.0,0.0,0.0679,158.924,,,,
1787535034.6869607,-2.568146771079521,-0.004881720200692915,159.35741772401963,-2.5,0.0,0.0,0.0683,159.357,,,,
1787535034.750045,-2.568496920268486,-0.005252280012770059,159.5565030495822,-2.5,0.0,0.0,0.0687,159.557,,,,
1787535034.8737326,-2.569290954949613,-0.00646382765745832,159.92766812368347,-2.5,0.0,0.0,0.0696,159.928,,,,
1787535034.9955747,-2.569358510336114,-0.006896249586415793,160.30117733211046,-2.5,0.0,0.0,0.0697,160.301,,,,
1787535035.0552657,-2.5692752808779358,-0.006764138796458459,160.48498385307389,-2.5,0.0,0.0,0.0696,160.485,,,,
1787535035.1694686,-2.5689202657301604,-0.006040210132707349,160.88595545735177,-2.5,0.0,0.0,0.0692,160.886,,,,
1787535035.2991762,-2.5688083427903634,-0.005631138781933904,161.36563438057462,-2.5,0.0,0.0,0.0690,161.366,,,,
1787535035.3507614,-2.568983201965545,-0.005892340727194339,161.61089431088246,-2.5,0.0,0.0,0.0692,161.611,,,,
1787535035.4721107,-2.56948717437995,-0.007057396196788156,162.16160957688638,-2.5,0.0,0.0,0.0698,162.162,,,,
1787535035.5963578,-2.5700927008019248,-0.008123851514160004,162.62954759322074,-2.5,0.0,0.0,0.0706,162.630,,,,
1787535035.659603,-2.570367409170006,-0.008229520058115947,162.82603490586516,-2.5,0.0,0.0,0.0708,162.826,,,,
1787535035.75964,-2.57073557880143,-0.007848653886714727,163.20246413989466,-2.5,0.0,0.0,0.0712,163.202,,,,
1787535035.886151,-2.5709671305260113,-0.007170308871973265,163.63028700880304,-2.5,0.0,0.0,0.0713,163.630,,,,
1787535035.94797,-2.571206309846664,-0.007220284986286838,163.89493715740187,-2.5,0.0,0.0,0.0716,163.895,,,,
1787535036.0681367,-2.571847590492904,-0.008150636140424244,164.46909455777828,-2.5,0.0,0.0,0.0723,164.469,,,,
1787535036.1868062,-2.5721459759005874,-0.009547356346206855,165.01935687671747,-2.5,0.0,0.0,0.0728,165.019,,,,
1787535036.252428,-2.572058749670329,-0.009931928404744135,165.274762441173,-2.5,0.0,0.0,0.0727,165.275,,,,
1787535036.3656356,-2.571703599318158,-0.009969267170689985,165.78002714484018,-2.5,0.0,0.0,0.0724,165.780,,,,
1787535036.4726858,-2.5711328866375327,-0.009343480027742053,166.32323239922368,-2.5,0.0,0.0,0.0717,166.323,,,,
1787535036.5981748,-2.569657794643773,-0.009626068333472702,166.7061502971957,-2.5,0.0,0.0,0.0703,166.706,,,,
1787535036.6577287,-2.5690191336920187,-0.010138371675241072,166.87051044504764,-2.5,0.0,0.0,0.0698,166.871,,,,
1787535036.7689426,-2.567742882925052,-0.012004721968458185,167.31520313367133,-2.5,0.0,0.0,0.0688,167.315,,,,
1787535036.896618,-2.566910079039636,-0.013432919870141943,167.7460877097573,-2.5,0.0,0.0,0.0682,167.746,,,,
1787535036.9571252,-2.5666750786687134,-0.01359992380771884,167.95505087194078,-2.5,0.0,0.0,0.0680,167.955,,,,
1787535037.0753913,-2.5660850674139244,-0.013257488610503713,168.38716164709805,-2.5,0.0,0.0,0.0674,168.387,,,,
1787535037.1956413,-2.5660746245443384,-0.012572372360302899,168.94502891023083,-2.5,0.0,0.0,0.0673,168.945,,,,
1787535037.2574878,-2.5664895856482275,-0.012437790266252777,169.23566961755688,-2.5,0.0,0.0,0.0676,169.236,,,,
1787535037.3746748,-2.567441368092698,-0.01293291336870429,169.78322955842648,-2.5,0.0,0.0,0.0687,169.783,,,,
1787535037.4977376,-2.5678901728964054,-0.013742172363744531,170.36300413681434,-2.5,0.0,0.0,0.0693,170.363,,,,
1787535037.559299,-2.5678357571799837,-0.01385599595809318,170.6973860025785,-2.5,0.0,0.0,0.0692,170.697,,,,
1787535037.6797931,-2.5676102565318146,-0.013339073228566527,171.35377673781494,-2.5,0.0,0.0,0.0689,171.354,,,,
1787535037.738932,-2.567440761385233,-0.01281191109375817,171.7001306588945,-2.5,0.0,0.0,0.0686,171.700,,,,
1787535037.865119,-2.5673235726270267,-0.012047151362905345,172.29378802458874,-2.5,0.0,0.0,0.0684,172.294,,,,
1787535037.9856586,-2.567584009886437,-0.012399066376220513,172.70474456409164,-2.5,0.0,0.0,0.0687,172.705,,,,
1787535038.0447824,-2.567730291016597,-0.012891608739932501,172.89164945008548,-2.5,0.0,0.0,0.0689,172.892,,,,
1787535038.1659677,-2.5680030055968786,-0.013940383797919962,173.2887902836012,-2.5,0.0,0.0,0.0694,173.289,,,,
1787535038.2871492,-2.568412131177723,-0.013810161056540425,173.73063845743752,-2.5,0.0,0.0,0.0698,173.731,,,,
1787535038.3470564,-2.568549857304326,-0.013303677550432765,173.90008248291537,-2.5,0.0,0.0,0.0698,173.900,,,,
1787535038.4681504,-2.5682785675357676,-0.012373863952413591,174.2439098556185,-2.5,0.0,0.0,0.0694,174.244,,,,
1787535038.585108,-2.567668194303111,-0.012502791318468105,174.4875947590767,-2.5,0.0,0.0,0.0688,174.488,,,,
1787535038.6439202,-2.567398704635754,-0.012915497072355746,174.5989466019445,-2.5,0.0,0.0,0.0686,174.599,,,,
1787535038.7633507,-2.5668178750261035,-0.014187778884158397,174.79910365434537,-2.5,0.0,0.0,0.0683,174.799,,,,
1787535038.8721678,-2.566891214558656,-0.014575120035872876,175.175517513248,-2.5,0.0,0.0,0.0685,175.176,,,,
1787535038.9926844,-2.566895278225561,-0.014135366687033192,175.55901024699327,-2.5,0.0,0.0,0.0684,175.559,,,,
1787535039.0515459,-2.5668564007454493,-0.013664355803217754,175.77530474931012,-2.5,0.0,0.0,0.0682,175.775,,,,
1787535039.1763844,-2.5668891983396955,-0.013074577702118905,176.25806625344254,-2.5,0.0,0.0,0.0682,176.258,,,,
1787535039.2791257,-2.5670826709955605,-0.013541591439658166,176.72541306248505,-2.5,0.0,0.0,0.0684,176.725,,,,
1787535039.3826978,-2.5672427037142698,-0.014594424490391477,177.16354012396587,-2.5,0.0,0.0,0.0688,177.164,,,,
1787535039.4392931,-2.5674789633412316,-0.014973362882385115,177.29240156688772,-2.5,0.0,0.0,0.0691,177.292,,,,
1787535039.5641046,-2.5679647340527834,-0.015070304269484374,177.58058889385143,-2.5,0.0,0.0,0.0696,177.581,,,,
1787535039.6771507,-2.568406831432002,-0.014328110405942939,177.87837004080723,-2.5,0.0,0.0,0.0699,177.878,,,,
1787535039.741451,-2.5686058507506657,-0.013825849455247417,178.0545149113001,-2.5,0.0,0.0,0.0700,178.055,,,,
1787535039.8647463,-2.569021801491997,-0.013757350888377368,178.4779979451009,-2.5,0.0,0.0,0.0704,178.478,,,,
1787535039.985401,-2.569320057691948,-0.015155098175512268,179.0779635690029,-2.5,0.0,0.0,0.0710,179.078,,,,
1787535040.045869,-2.5694408633120087,-0.016056579566342113,179.3716439426479,-2.5,0.0,0.0,0.0713,179.372,,,,
1787535040.1699405,-2.5690792822462485,-0.017021712587708994,-179.95928667930667,-2.5,0.0,0.0,0.0711,179.959,,,,
1787535040.288843,-2.5687133724234874,-0.016932439773385165,-179.40267262521962,-2.5,0.0,0.0,0.0708,179.403,,,,
1787535040.3479357,-2.5685070726493726,-0.0165905045085412,-179.1311824204977,-2.5,0.0,0.0,0.0705,179.131,,,,
1787535040.4704404,-2.5683108147362805,-0.01636376561637041,-178.60066737478013,-2.5,0.0,0.0,0.0702,178.601,,,,
1787535040.5914795,-2.568261792618293,-0.01742757006930705,-178.06005812814547,-2.5,0.0,0.0,0.0705,178.060,,,,
1787535040.652741,-2.568167028846168,-0.018314131451616415,-177.76518410402855,-2.5,0.0,0.0,0.0706,177.765,,,,
1787535040.7759135,-2.5681754173013496,-0.0198319966725501,-177.2716776881509,-2.5,0.0,0.0,0.0710,177.272,,,,
1787535040.8924453,-2.568486679216153,-0.020277278676844968,-176.9213355098331,-2.5,0.0,0.0,0.0714,176.921,,,,
1787535040.9983099,-2.5688167273980884,-0.019915028455265566,-176.57721609237677,-2.5,0.0,0.0,0.0716,176.577,,,,
1787535041.0540078,-2.5684598650304777,-0.01980496916492512,-176.49660156201804,-2.5,0.0,0.0,0.0713,176.497,,,,
1787535041.1879077,-2.567761951263676,-0.020199843672228174,-176.3958376794274,-2.5,0.0,0.0,0.0707,176.396,,,,
1787535041.2823727,-2.5669761377849762,-0.021567488267844506,-176.35983779696605,-2.5,0.0,0.0,0.0704,176.360,,,,
1787535041.3972313,-2.566566159117603,-0.023112463701789963,-176.17798522335684,-2.5,0.0,0.0,0.0705,176.178,,,,
1787535041.452046,-2.566613899611886,-0.023245588352430756,-176.0797826052614,-2.5,0.0,0.0,0.0706,176.080,,,,
1787535041.581922,-2.566738499048604,-0.022856592828649547,-175.89895634041784,-2.5,0.0,0.0,0.0705,175.899,,,,
1787535041.6903915,-2.566853598744991,-0.0218881571525558,-175.6846964844376,-2.5,0.0,0.0,0.0703,175.685,,,,
1787535041.7442834,-2.5669130064496692,-0.02157722161603327,-175.5898119571536,-2.5,0.0,0.0,0.0703,175.590,,,,
1787535041.873261,-2.5672794613734022,-0.022088818190221272,-175.91259733615848,-2.5,0.0,0.0,0.0708,175.913,,,,
1787535041.9430404,-2.5674129079440267,-0.02247627169233618,-176.03317995961328,-2.5,0.0,0.0,0.0711,176.033,,,,
1787535042.0617955,-2.567412544784059,-0.023337303581582293,-176.27704329284515,-2.5,0.0,0.0,0.0713,176.277,,,,
1787535042.137681,-2.567405935225523,-0.02383356987467353,-176.3950322457123,-2.5,0.0,0.0,0.0715,176.395,,,,
1787535042.2532403,-2.5672022606992315,-0.024309611626713877,-176.22472308940925,-2.5,0.0,0.0,0.0715,176.225,,,,
1787535042.394712,-2.5671027475358925,-0.02422046191669478,-176.06344319987858,-2.5,0.0,0.0,0.0713,176.063,,,,
1787535042.450557,-2.567071784776099,-0.02403052825688781,-175.99829383115917,-2.5,0.0,0.0,0.0712,175.998,,,,
1787535042.5618448,-2.5670528906018677,-0.023480845637487865,-175.9294234370014,-2.5,0.0,0.0,0.0710,175.929,,,,
1787535042.6635854,-2.5671116189273118,-0.022737558867800944,-176.0192866790551,-2.5,0.0,0.0,0.0709,176.019,,,,
1787535042.7502158,-2.567204406300692,-0.021994146098259143,-176.09324839653524,-2.5,0.0,0.0,0.0707,176.093,,,,
1787535042.8823917,-2.567268135653515,-0.02141592720764154,-176.15702066715895,-2.5,0.0,0.0,0.0706,176.157,,,,
1787535042.949916,-2.5672649608506415,-0.021237782228446207,-176.18669815506965,-2.5,0.0,0.0,0.0705,176.187,,,,
1787535043.074431,-2.5672847840784128,-0.021034299442446055,-176.24122097336942,-2.5,0.0,0.0,0.0705,176.241,,,,
1787535043.1943886,-2.567317541960391,-0.020924547827826087,-176.2883776459641,-2.5,0.0,0.0,0.0705,176.288,,,,
1787535043.255585,-2.5673341487875914,-0.020884115994354288,-176.30924817748794,-2.5,0.0,0.0,0.0705,176.309,,,,
1787535043.373893,-2.567329504828514,-0.020834559130590645,-176.32726301521075,-2.5,0.0,0.0,0.0705,176.327,,,,
1787535043.498652,-2.5673064813733166,-0.020799930589021885,-176.3400877807992,-2.5,0.0,0.0,0.0704,176.340,,,,
1787535043.547484,-2.567293434649444,-0.020784619065765775,-176.3451869865197,-2.5,0.0,0.0,0.0704,176.345,,,,
1787535043.6637545,-2.567268600145087,-0.020759938255305404,-176.35053564648962,-2.5,0.0,0.0,0.0704,176.351,,,,
1787535043.7817256,-2.5672589112415345,-0.02073455960370789,-176.35720813661797,-2.5,0.0,0.0,0.0704,176.357,,,,
1787535043.842704,-2.567256563990101,-0.02072223628121626,-176.36001003768044,-2.5,0.0,0.0,0.0704,176.360,,,,
1787535043.962611,-2.5672543208191505,-0.02069903251185487,-176.3647351729002,-2.5,0.0,0.0,0.0704,176.365,,,,
1787535044.078394,-2.5672538973795076,-0.02067825028992055,-176.36849203161228,-2.5,0.0,0.0,0.0704,176.368,,,,
1787535044.1388526,-2.5672538782935943,-0.02066915411923936,-176.37004611270098,-2.5,0.0,0.0,0.0704,176.370,,,,
1787535044.2632806,-2.567254798738541,-0.0206523290960898,-176.37269943262066,-2.5,0.0,0.0,0.0704,176.373,,,,
1787535044.360659,-2.5672564511838485,-0.020637481810346987,-176.37483427780933,-2.5,0.0,0.0,0.0704,176.375,,,,
1787535044.4817846,-2.567258052638097,-0.020625080856795687,-176.3764576273023,-2.5,0.0,0.0,0.0703,176.376,,,,
1787535044.5979161,-2.5672594707990712,-0.02061495143714665,-176.37770706825438,-2.5,0.0,0.0,0.0703,176.378,,,,
1787535044.6591253,-2.567260192838189,-0.020610439472755964,-176.37821503158727,-2.5,0.0,0.0,0.0703,176.378,,,,
1787535044.77822,-2.567261549496835,-0.020602523007120715,-176.37902858555753,-2.5,0.0,0.0,0.0703,176.379,,,,
1787535044.8768783,-2.567262961922224,-0.020595091782801275,-176.37965025089065,-2.5,0.0,0.0,0.0703,176.380,,,,
1787535044.9454305,-2.5672636139472504,-0.020591511536511786,-176.37990168260487,-2.5,0.0,0.0,0.0703,176.380,,,,
1787535045.0616302,-2.5672643639682162,-0.020586687206572852,-176.38016933469072,-2.5,0.0,0.0,0.0703,176.380,,,,
1787535045.1818745,-2.567265107718472,-0.020581815965436425,-176.3803703470442,-2.5,0.0,0.0,0.0703,176.380,,,,
1787535045.242935,-2.567265399153799,-0.020579805301110483,-176.38039906554366,-2.5,0.0,0.0,0.0703,176.380,,,,
1787535045.366338,-2.567265866559323,-0.020575548703639417,-176.38043941078402,-2.5,0.0,0.0,0.0703,176.380,,,,
1787535045.4820364,-2.5672660376250307,-0.02057128817891305,-176.38041760206832,-2.5,0.0,0.0,0.0703,176.380,,,,
1787535045.54421,-2.567265888250547,-0.02056863341212458,-176.3804192348451,-2.5,0.0,0.0,0.0703,176.380,,,,
1787535045.6655674,-2.5672648602514605,-0.02056266375377337,-176.38041906749703,-2.5,0.0,0.0,0.0703,176.380,,,,
1787535045.7836742,-2.5672625571058445,-0.020556056158231348,-176.38041676794398,-2.5,0.0,0.0,0.0703,176.380,,,,
1787535045.8451128,-2.5672609308101992,-0.020552830526778743,-176.38039925867602,-2.5,0.0,0.0,0.0703,176.380,,,,
1787535045.9656146,-2.5672569919181814,-0.020547094358243135,-176.38034645511516,-2.5,0.0,0.0,0.0703,176.380,,,,
1787535046.0838854,-2.5672526708223544,-0.020542618014995975,-176.38030532648938,-2.5,0.0,0.0,0.0703,176.380,,,,
1787535046.144622,-2.5672505530318,-0.020540833810560856,-176.3802831608781,-2.5,0.0,0.0,0.0703,176.380,,,,
1787535046.2657185,-2.567247248504273,-0.0205389213439684,-176.38025445993736,-2.5,0.0,0.0,0.0703,176.380,,,,
1787535046.3819814,-2.567245142248672,-0.020538271127448823,-176.38024536440872,-2.5,0.0,0.0,0.0703,176.380,,,,
1787535046.487318,-2.5672447431834295,-0.020539242593638415,-176.3802581747817,-2.5,0.0,0.0,0.0703,176.380,,,,
1787535046.5528498,-2.567244768013539,-0.020539572266773415,-176.38026122754357,-2.5,0.0,0.0,0.0703,176.380,,,,
1787535046.6704273,-2.567245419239794,-0.02054022159516046,-176.38026362597594,-2.5,0.0,0.0,0.0703,176.380,,,,
1787535046.780703,-2.5672471126587197,-0.02054165755540507,-176.38027488170403,-2.5,0.0,0.0,0.0703,176.380,,,,
1787535046.8979344,-2.567249276154832,-0.020543380456282918,-176.3802881123849,-2.5,0.0,0.0,0.0703,176.380,,,,
1787535046.9480608,-2.567250444253301,-0.020544336769980454,-176.38029480668067,-2.5,0.0,0.0,0.0703,176.380,,,,
1787535047.0595126,-2.5672527279331465,-0.020546181592253708,-176.38031610661776,-2.5,0.0,0.0,0.0703,176.380,,,,
1787535047.181827,-2.5672547657620792,-0.020547585933309093,-176.38033164270396,-2.5,0.0,0.0,0.0703,176.380,,,,
1787535047.241399,-2.5672556854509296,-0.020548056518280077,-176.3803350163608,-2.5,0.0,0.0,0.0703,176.380,,,,
1787535047.3598168,-2.567257502865493,-0.020549413557889973,-176.3803497747631,-2.5,0.0,0.0,0.0703,176.380,,,,
1787535047.481783,-2.567259157645414,-0.020551066564878977,-176.38037052696964,-2.5,0.0,0.0,0.0703,176.380,,,,
1787535047.595502,-2.567260588201825,-0.020552746698546426,-176.38039151357427,-2.5,0.0,0.0,0.0703,176.380,,,,
1787535047.6531758,-2.567261228274564,-0.02055345845515825,-176.38039928018165,-2.5,0.0,0.0,0.0703,176.380,,,,
1787535047.778685,-2.5672622583040714,-0.020555603921289058,-176.3804286517469,-2.5,0.0,0.0,0.0703,176.380,,,,
1787535047.8952563,-2.567263098279285,-0.020557284966320775,-176.38044871775486,-2.5,0.0,0.0,0.0703,176.380,,,,
1787535047.9901605,-2.5672630510452428,-0.02056081066000938,-176.38050593157044,-2.5,0.0,0.0,0.0703,176.381,,,,
1787535048.0488186,-2.5672626033007515,-0.02056295196575127,-176.38054255821604,-2.5,0.0,0.0,0.0703,176.381,,,,
1787535048.1740758,-2.5672609414749656,-0.020567186953883158,-176.38061581428428,-2.5,0.0,0.0,0.0703,176.381,,,,
1787535048.2862463,-2.567258017058335,-0.020571555135530335,-176.38069329610138,-2.5,0.0,0.0,0.0703,176.381,,,,
1787535048.3453953,-2.5672561018924362,-0.020573684143872582,-176.38073156590218,-2.5,0.0,0.0,0.0703,176.381,,,,
1787535048.4640963,-2.567251799319444,-0.020577296454664468,-176.38079606137174,-2.5,0.0,0.0,0.0703,176.381,,,,
1787535048.572395,-2.5672474156069343,-0.020579827726809,-176.3808395506171,-2.5,0.0,0.0,0.0703,176.381,,,,
1787535048.6787035,-2.5672442108863875,-0.020580517880327092,-176.38084549165367,-2.5,0.0,0.0,0.0703,176.381,,,,
1787535048.780326,-2.5672418946375184,-0.020580538827508772,-176.38083729987082,-2.5,0.0,0.0,0.0703,176.381,,,,
1787535048.8650773,-2.5672415117845864,-0.020579087917724274,-176.3807979402234,-2.5,0.0,0.0,0.0703,176.381,,,,
1787535048.9815333,-2.5672417489533212,-0.02057785252671221,-176.3807621611659,-2.5,0.0,0.0,0.0703,176.381,,,,
1787535049.0423,-2.5672417812320925,-0.020577718691808623,-176.3807541046263,-2.5,0.0,0.0,0.0703,176.381,,,,
1787535049.1882546,-2.567242293094254,-0.020577638803472114,-176.38074131845877,-2.5,0.0,0.0,0.0703,176.381,,,,
1787535049.244839,-2.5672423715072004,-0.02057824894917847,-176.38074796381215,-2.5,0.0,0.0,0.0703,176.381,,,,
1787535049.354689,-2.5672444766177343,-0.020577414114288834,-176.38071882978167,-2.5,0.0,0.0,0.0703,176.381,,,,
1787535049.4650402,-2.5672476124815105,-0.020575301788768593,-176.3806639613069,-2.5,0.0,0.0,0.0703,176.381,,,,
1787535049.5760736,-2.5672502133250763,-0.02057399849159835,-176.3806254800903,-2.5,0.0,0.0,0.0703,176.381,,,,
1787535049.6939716,-2.5672526941123275,-0.02057261480123489,-176.38058540889386,-2.5,0.0,0.0,0.0703,176.381,,,,
1787535049.7566063,-2.5672539075404646,-0.02057176113287752,-176.3805632003942,-2.5,0.0,0.0,0.0703,176.381,,,,
1787535049.883709,-2.5672559338442014,-0.020570641892940826,-176.38053391103156,-2.5,0.0,0.0,0.0703,176.381,,,,
1787535049.945225,-2.5672567386524174,-0.02057068251989237,-176.38052475756652,-2.5,0.0,0.0,0.0703,176.381,,,,
1787535050.07607,-2.5672586310367276,-0.020569269896679506,-176.38048619603362,-2.5,0.0,0.0,0.0703,176.380,,,,
1787535050.187985,-2.567260339519725,-0.020567833314747232,-176.3804512585313,-2.5,0.0,0.0,0.0703,176.380,,,,
1787535050.2928708,-2.5672618414240604,-0.020565508639799165,-176.38039027936145,-2.5,0.0,0.0,0.0703,176.380,,,,
1787535050.361409,-2.5672623988532424,-0.020563603386577433,-176.3803473879608,-2.5,0.0,0.0,0.0703,176.380,,,,
1787535050.488186,-2.567263150653687,-0.020561048322429533,-176.3802929488908,-2.5,0.0,0.0,0.0703,176.380,,,,
1787535050.594866,-2.5672630616705203,-0.02055716760417243,-176.38020425693745,-2.5,0.0,0.0,0.0703,176.380,,,,
1787535050.6543224,-2.567262587419045,-0.020554838628720352,-176.38015967769078,-2.5,0.0,0.0,0.0703,176.380,,,,
1787535050.7737255,-2.567260672650892,-0.020549871490261218,-176.38005780316604,-2.5,0.0,0.0,0.0703,176.380,,,,
1787535050.8729749,-2.5672575486891955,-0.02054496514149016,-176.37995455301328,-2.5,0.0,0.0,0.0703,176.380,,,,
1787535050.9817657,-2.567253841055968,-0.0205411379145053,-176.3798782488595,-2.5,0.0,0.0,0.0703,176.380,,,,
1787535051.0419047,-2.5672519999898102,-0.0205397904236577,-176.37985191304764,-2.5,0.0,0.0,0.0703,176.380,,,,
1787535051.1653268,-2.56724846963233,-0.020537730283514705,-176.37981158706782,-2.5,0.0,0.0,0.0703,176.380,,,,
1787535051.2835271,-2.567245518241767,-0.020536416844640665,-176.3797847972303,-2.5,0.0,0.0,0.0703,176.380,,,,
1787535051.3917205,-2.5672446081180795,-0.020536614710951463,-176.37979074125465,-2.5,0.0,0.0,0.0703,176.380,,,,
1787535051.453743,-2.5672446368978905,-0.020537189416217898,-176.379796119232,-2.5,0.0,0.0,0.0703,176.380,,,,
1787535051.5767193,-2.567244671430722,-0.020537667877439627,-176.37980598125216,-2.5,0.0,0.0,0.0703,176.380,,,,
1787535051.638311,-2.5672450118752246,-0.020538162427685098,-176.37980995999416,-2.5,0.0,0.0,0.0703,176.380,,,,
1787535051.7722535,-2.5672459514061496,-0.02053898896115519,-176.37982085813684,-2.5,0.0,0.0,0.0703,176.380,,,,
1787535051.8855572,-2.567247271389633,-0.02053976776472867,-176.37983531066916,-2.5,0.0,0.0,0.0703,176.380,,,,
1787535051.941902,-2.567248202782958,-0.02054053615829275,-176.37984365784482,-2.5,0.0,0.0,0.0703,176.380,,,,
1787535052.0627048,-2.5672502891336615,-0.020542578410548316,-176.37988150810537,-2.5,0.0,0.0,0.0703,176.380,,,,
1787535052.18661,-2.56725215620727,-0.02054391197305543,-176.3798982075088,-2.5,0.0,0.0,0.0703,176.380,,,,
1787535052.2466471,-2.5672531415239974,-0.02054479411213494,-176.37991620839202,-2.5,0.0,0.0,0.0703,176.380,,,,
1787535052.3804054,-2.567254995984557,-0.020546272206900782,-176.37993966339255,-2.5,0.0,0.0,0.0703,176.380,,,,
1787535052.4462492,-2.5672558609688374,-0.02054661136195596,-176.3799432068616,-2.5,0.0,0.0,0.0703,176.380,,,,
1787535052.5721908,-2.5672576636588214,-0.02054833279436436,-176.37997160598835,-2.5,0.0,0.0,0.0703,176.380,,,,
1787535052.6699362,-2.567259230456762,-0.020550956891711093,-176.3800144874802,-2.5,0.0,0.0,0.0703,176.380,,,,
1787535052.7412944,-2.5672598326171068,-0.02055246433331589,-176.38004519030852,-2.5,0.0,0.0,0.0703,176.380,,,,
1787535052.8674035,-2.567261012294407,-0.020553986374768286,-176.3800669286042,-2.5,0.0,0.0,0.0703,176.380,,,,
1787535052.9812,-2.567261583335313,-0.020557014703462693,-176.38012222054022,-2.5,0.0,0.0,0.0703,176.380,,,,
1787535053.0419176,-2.5672617002883387,-0.020558389495121097,-176.38014750805,-2.5,0.0,0.0,0.0703,176.380,,,,
1787535053.1574793,-2.567260920879161,-0.020562357850414666,-176.38022285009345,-2.5,0.0,0.0,0.0703,176.380,,,,
1787535053.2743728,-2.567259063681003,-0.02056647990567177,-176.3803055785056,-2.5,0.0,0.0,0.0703,176.380,,,,
1787535053.391055,-2.5672562801560557,-0.020570334733017427,-176.38037707235952,-2.5,0.0,0.0,0.0703,176.380,,,,
1787535053.4536097,-2.5672545755777887,-0.020572162029843345,-176.3804164384138,-2.5,0.0,0.0,0.0703,176.380,,,,
1787535053.575265,-2.5672510069059653,-0.020575191146688248,-176.38047514153865,-2.5,0.0,0.0,0.0703,176.380,,,,
1787535053.6938796,-2.567247879920072,-0.020577076592764105,-176.38050718086976,-2.5,0.0,0.0,0.0703,176.381,,,,
1787535053.755155,-2.5672465562324027,-0.02057769944856904,-176.38052174533328,-2.5,0.0,0.0,0.0703,176.381,,,,
1787535053.8608024,-2.567244359936298,-0.02057865603341873,-176.38053438158354,-2.5,0.0,0.0,0.0703,176.381,,,,
1787535053.9724147,-2.5672439138147585,-0.020578028893402024,-176.3805206663817,-2.5,0.0,0.0,0.0703,176.381,,,,
1787535054.082489,-2.5672434424040644,-0.020578113937920594,-176.38051738076592,-2.5,0.0,0.0,0.0703,176.381,,,,
1787535054.1985044,-2.5672440994238515,-0.02057742668918886,-176.3804946690003,-2.5,0.0,0.0,0.0703,176.380,,,,
1787535054.2542286,-2.5672445367900876,-0.02057716646080389,-176.38048658314037,-2.5,0.0,0.0,0.0703,176.380,,,,
1787535054.3601568,-2.567246270219015,-0.02057569230312708,-176.3804505072406,-2.5,0.0,0.0,0.0703,176.380,,,,
1787535054.4839299,-2.5672474029754953,-0.020575527349281766,-176.38044420892777,-2.5,0.0,0.0,0.0703,176.380,,,,
1787535054.543635,-2.5672480779411346,-0.020575466221345307,-176.38043981047596,-2.5,0.0,0.0,0.0703,176.380,,,,
1787535054.662299,-2.567250088813083,-0.02057416811116081,-176.3804074079381,-2.5,0.0,0.0,0.0703,176.380,,,,
1787535054.7737238,-2.567252089439023,-0.02057276175753862,-176.38037009660997,-2.5,0.0,0.0,0.0703,176.380,,,,
1787535054.8908288,-2.5672538355961048,-0.020571812171235965,-176.38034787670873,-2.5,0.0,0.0,0.0703,176.380,,,,
1787535054.9857023,-2.567255683034463,-0.0205698640980708,-176.38030321250062,-2.5,0.0,0.0,0.0703,176.380,,,,
1787535055.0397985,-2.5672564950429875,-0.02056888687561482,-176.38028108948097,-2.5,0.0,0.0,0.0703,176.380,,,,
1787535055.1669078,-2.5672578560883386,-0.02056769193353209,-176.38025209590438,-2.5,0.0,0.0,0.0703,176.380,,,,
1787535055.28366,-2.5672591233100905,-0.020566683905786785,-176.38022682638947,-2.5,0.0,0.0,0.0703,176.380,,,,
1787535055.344515,-2.5672597336796894,-0.020566106894001433,-176.38021025874116,-2.5,0.0,0.0,0.0703,176.380,,,,
1787535055.4725878,-2.567260700760448,-0.02056380870672984,-176.3801629915129,-2.5,0.0,0.0,0.0703,176.380,,,,
1787535055.5930984,-2.5672611203320974,-0.020560777679812608,-176.38009966868162,-2.5,0.0,0.0,0.0703,176.380,,,,
1787535055.653238,-2.5672609657361685,-0.020558771195805636,-176.38005880482012,-2.5,0.0,0.0,0.0703,176.380,,,,
1787535055.7784274,-2.567259851449917,-0.0205543955756206,-176.37996906345452,-2.5,0.0,0.0,0.0703,176.380,,,,
