t_s,gt_x,gt_y,gt_yaw_deg,ekf_x,ekf_y,ekf_yaw_deg,amcl_x,amcl_y,amcl_yaw_deg,err_ekf_pos_m,err_ekf_yaw_deg,err_amcl_pos_m,err_amcl_yaw_deg
0.614,-0.362685,-0.006979,0.0001,-0.000000,0.000000,-0.0201,-0.015922,-0.026332,0.0185,0.362752,0.0202,0.347303,0.0184
1.114,-0.362685,-0.006979,0.0001,-0.000000,0.000000,-0.0201,-0.015922,-0.026332,0.0185,0.362752,0.0202,0.347303,0.0184
1.613,-0.362685,-0.006979,0.0001,-0.078624,0.054067,-0.0332,-0.133305,0.042026,0.1691,0.290547,0.0332,0.234556,0.1690
2.113,-0.362685,-0.006979,0.0001,-0.078624,0.054067,-0.0332,-0.133305,0.042026,0.1691,0.290547,0.0332,0.234556,0.1690
2.613,-0.362685,-0.006979,0.0001,-0.078624,0.054067,-0.0332,-0.136354,0.055919,0.0923,0.290547,0.0332,0.234908,0.0923
3.113,-0.362685,-0.006979,0.0001,-0.078624,0.054067,-0.0332,-0.136354,0.055919,0.0923,0.290547,0.0332,0.234908,0.0923
3.613,-0.362685,-0.006979,0.0001,-0.078624,0.054067,-0.0332,-0.129703,0.045297,-0.4907,0.290547,0.0332,0.238775,0.4908
4.113,-0.362685,-0.006979,0.0001,-0.078624,0.054067,-0.0332,-0.129703,0.045297,-0.4907,0.290547,0.0332,0.238775,0.4908
4.613,-0.362685,-0.006979,0.0001,-0.078624,0.054067,-0.0332,-0.142510,0.046327,0.2094,0.290547,0.0332,0.226536,0.2093
5.114,-0.362685,-0.006979,0.0001,-0.078624,0.054067,-0.0332,-0.142510,0.046327,0.2094,0.290547,0.0332,0.226536,0.2093
5.613,-0.362685,-0.006979,0.0001,-0.000000,0.000000,-0.0199,-0.133936,0.048327,-0.0313,0.362752,0.0200,0.235340,0.0314
6.116,-0.362685,-0.006979,0.0001,-0.000000,0.000000,-0.0199,-0.062210,-0.030337,0.0843,0.362752,0.0200,0.301382,0.0842
6.613,-0.362685,-0.006979,0.0001,-0.078624,0.054067,-0.0332,-0.138972,0.048769,-0.3465,0.290547,0.0332,0.230555,0.3466
7.113,-0.362685,-0.006979,0.0001,-0.078624,0.054067,-0.0332,-0.138972,0.048769,-0.3465,0.290547,0.0332,0.230555,0.3466
7.613,-0.362685,-0.006979,0.0001,-0.078624,0.054067,-0.0332,-0.129067,0.047657,0.0581,0.290547,0.0332,0.239922,0.0580
8.113,-0.362685,-0.006979,0.0001,-0.078624,0.054067,-0.0332,-0.129067,0.047657,0.0581,0.290547,0.0332,0.239922,0.0580
8.613,-0.362685,-0.006979,0.0001,-0.078624,0.054067,-0.0332,-0.142866,0.054087,0.4023,0.290547,0.0332,0.228143,0.4022
9.113,-0.362685,-0.006979,0.0001,-0.078624,0.054067,-0.0332,-0.142866,0.054087,0.4023,0.290547,0.0332,0.228143,0.4022
9.613,-0.362685,-0.006979,0.0001,-0.078624,0.054067,-0.0332,-0.132554,0.048218,-0.4563,0.290547,0.0332,0.236658,0.4564
10.113,-0.362685,-0.006979,0.0001,-0.078624,0.054067,-0.0332,-0.132554,0.048218,-0.4563,0.290547,0.0332,0.236658,0.4564
10.613,-0.362685,-0.006979,0.0001,0.000000,0.000000,0.0000,-0.132554,0.048218,-0.4563,0.362752,0.0001,0.236658,0.4564
11.113,-0.362685,-0.006979,0.0001,0.000000,0.000000,-0.0000,-0.113787,-0.008728,-0.1382,0.362752,0.0001,0.248905,0.1383
11.613,-0.362685,-0.006979,0.0001,-0.078624,0.054067,-0.0332,-0.146530,0.044700,-0.1907,0.290547,0.0332,0.222247,0.1908
12.113,-0.362685,-0.006979,0.0001,-0.078624,0.054067,-0.0332,-0.146530,0.044700,-0.1907,0.290547,0.0332,0.222247,0.1908
12.613,-0.362685,-0.006979,0.0001,-0.078624,0.054067,-0.0332,-0.146530,0.044700,-0.1907,0.290547,0.0332,0.222247,0.1908
13.114,-0.362685,-0.006979,0.0001,-0.078624,0.054067,-0.0332,-0.143765,0.039568,-0.1201,0.290547,0.0332,0.223814,0.1202
13.613,-0.362685,-0.006979,0.0001,-0.078624,0.054067,-0.0332,-0.139474,0.046328,0.0903,0.290547,0.0332,0.229488,0.0902
14.113,-0.362595,-0.008767,0.0631,-0.078624,0.054067,-0.0318,-0.139474,0.046328,0.0903,0.290840,0.0948,0.229823,0.0272
14.613,-0.362021,-0.006226,0.1338,-0.078176,0.057163,0.0485,-0.123201,0.050601,0.2446,0.290837,0.0853,0.245488,0.1108
15.113,-0.362980,-0.004592,0.0821,-0.078173,0.057170,0.0759,-0.123201,0.050601,0.2446,0.291427,0.0062,0.246049,0.1624
15.613,-0.357985,-0.006293,0.4117,-0.077376,0.061872,-0.0392,-0.127837,0.046220,-0.4029,0.288770,0.4510,0.236063,0.8146
16.113,-0.347738,-0.013533,0.6091,-0.076815,0.060851,-0.0127,-0.127837,0.046220,-0.4029,0.280949,0.6218,0.227875,1.0120
16.613,-0.339292,-0.004876,0.7893,-0.051404,0.129043,0.6338,-0.127837,0.046220,-0.4029,0.317511,0.1556,0.217541,1.1922
17.113,-0.329730,-0.003588,1.5600,-0.051239,0.128961,0.7054,-0.064464,-0.003064,1.1146,0.308426,0.8547,0.265267,0.4455
17.613,-0.320510,-0.009208,3.0549,-0.067045,0.077678,1.3786,-0.122001,0.063850,0.7266,0.267944,1.6764,0.211527,2.3283
18.113,-0.313142,-0.007636,2.7570,-0.066990,0.077649,1.2681,-0.122001,0.063850,0.7266,0.260507,1.4889,0.204072,2.0304
18.614,-0.303132,-0.003237,1.5843,-0.004037,0.039136,2.7296,-0.087282,0.031222,3.0144,0.302082,1.1452,0.218583,1.4301
19.113,-0.293386,-0.001180,1.7580,-0.004017,0.039132,2.8397,-0.087282,0.031222,3.0144,0.292163,1.0817,0.208635,1.2564
19.614,-0.291706,-0.005078,1.7776,0.008990,0.115531,0.4082,-0.087282,0.031222,3.0144,0.323982,1.3694,0.207622,1.2368
20.113,-0.273807,-0.009014,1.0981,-0.023765,0.109724,0.0697,-0.053118,0.103135,-0.0049,0.276802,1.0284,0.247550,1.1029
20.613,-0.266700,-0.004938,0.2370,0.011163,0.057684,-0.1087,-0.053118,0.103135,-0.0049,0.284832,0.3457,0.239368,0.2419
21.113,-0.262954,0.003123,-0.3090,-0.033527,0.055582,-0.1954,-0.072571,0.052687,0.0865,0.235348,0.1136,0.196729,0.3955
21.613,-0.252495,-0.000059,0.0970,0.017948,-0.093539,0.0360,-0.048946,-0.094760,0.3425,0.286143,0.0610,0.224501,0.2455
22.114,-0.244746,-0.013161,0.9582,-0.055095,-0.090464,0.1091,-0.093761,-0.083670,1.6682,0.204801,0.8491,0.166638,0.7100
22.613,-0.237159,-0.009915,-2.3300,0.087484,-0.217362,-3.1492,0.018833,-0.192741,-1.8743,0.385263,0.8192,0.314575,0.4557
23.113,-0.231843,0.003757,-3.9033,0.087490,-0.217363,-4.2888,-0.037933,-0.171273,-2.7925,0.388417,0.3855,0.261222,1.1108
23.613,-0.220155,0.005963,-2.0399,0.009245,-0.194424,-3.8270,-0.061590,-0.144491,-5.8854,0.304597,1.7872,0.218585,3.8456
24.113,-0.214450,-0.005124,-2.3443,-0.004460,-0.190255,-4.1268,-0.083508,-0.125947,-5.0580,0.279945,1.7825,0.178169,2.7136
24.613,-0.204658,-0.008877,-3.1105,-0.008155,-0.189662,-4.1607,-0.083508,-0.125947,-5.0580,0.267014,1.0502,0.168471,1.9475
25.113,-0.195840,0.001950,-3.9206,-0.087819,-0.153606,-4.4439,-0.090472,-0.100287,-4.5046,0.189384,0.5233,0.146815,0.5840
25.613,-0.189515,0.004791,-3.6777,0.073947,0.140017,-4.7491,0.021630,0.118496,-4.8970,0.296139,1.0714,0.239815,1.2193
26.113,-0.181957,-0.006157,-2.7139,0.073970,0.140019,-4.5818,-0.022197,0.113578,-6.1038,0.294730,1.8679,0.199649,3.3899
26.613,-0.172241,-0.007831,-2.8384,0.088923,-0.244523,-2.5562,0.025588,-0.224657,-2.0985,0.352463,0.2822,0.293513,0.7399
27.113,-0.164565,-0.005562,-2.8890,0.088940,-0.244522,-2.4787,0.025588,-0.224657,-2.0985,0.348377,0.4103,0.290105,0.7905
27.614,-0.158751,-0.001075,-3.3996,0.145333,-0.201905,-2.6754,0.071887,-0.190849,-2.2412,0.364417,0.7242,0.298677,1.1584
28.113,-0.147942,-0.000856,-3.0144,0.145348,-0.201905,-2.4202,0.071887,-0.190849,-2.2412,0.355583,0.5942,0.290555,0.7733
28.613,-0.144116,-0.007954,-2.4515,0.153147,-0.217895,-2.7457,0.081823,-0.191406,-2.3894,0.363924,0.2942,0.291038,0.0621
29.113,-0.134434,-0.012495,-3.1746,0.153159,-0.217895,-2.8737,0.081823,-0.191406,-2.3894,0.353410,0.3010,0.280671,0.7852
29.613,-0.127991,-0.007797,-3.5586,0.087224,0.038867,-1.5237,0.028661,-0.163142,-0.7279,0.220216,2.0349,0.220617,2.8307
30.113,-0.117180,-0.000015,-3.2606,0.087234,0.038867,-1.4528,0.022312,0.038739,-1.3493,0.208079,1.8078,0.144775,1.9112
30.613,-0.109177,-0.006086,-3.2415,0.104918,0.039698,-1.6745,0.039104,0.045580,-3.1386,0.218936,1.5670,0.157024,0.1029
31.113,-0.100530,-0.017097,-3.1067,0.104926,0.039698,-1.6680,0.039104,0.045580,-3.1386,0.213161,1.4387,0.153055,0.0319
31.613,-0.093469,-0.009858,-2.5763,0.123868,0.023440,-0.6881,0.062885,0.026302,-0.8786,0.219873,1.8882,0.160481,1.6977
32.113,-0.084876,-0.003364,-2.2513,0.114426,0.023575,-0.3988,0.025557,0.023580,0.1823,0.201114,1.8525,0.113673,2.4336
32.613,-0.076557,-0.006314,-2.0377,0.137514,0.042628,-0.4287,0.072381,0.037882,-1.3491,0.219595,1.6090,0.155357,0.6886
33.113,-0.063457,-0.013686,-2.2723,0.137585,0.042638,-0.6218,0.072381,0.037882,-1.3491,0.208783,1.6505,0.145297,0.9232
33.613,-0.059591,-0.010270,-1.9578,0.135127,0.062690,-0.3930,0.065951,0.059939,-0.4167,0.207939,1.5648,0.143840,1.5412
34.113,-0.050433,-0.006363,-1.8917,0.135162,0.062694,-0.4314,0.065951,0.059939,-0.4167,0.198027,1.4603,0.133945,1.4750
34.613,-0.041579,-0.007870,-1.6851,0.161621,0.202139,-2.3788,0.088510,0.195767,-2.4480,0.292223,0.6937,0.241643,0.7629
35.113,-0.032444,-0.010905,-2.0338,0.161641,0.202139,-2.5069,0.088510,0.195767,-2.4480,0.288196,0.4730,0.239464,0.4142
35.614,-0.024401,-0.009941,-1.7817,0.173671,0.244097,-2.5544,0.054119,0.173697,-1.8928,0.322130,0.7727,0.199721,0.1112
36.113,-0.013951,-0.006205,-2.3781,0.173802,0.244133,-2.5662,0.121963,0.237755,-2.3064,0.312923,0.1881,0.279265,0.0717
36.613,-0.007115,-0.009996,-1.6186,0.216661,0.314232,-2.3528,0.159993,0.288276,-3.2120,0.393954,0.7342,0.341893,1.5934
37.113,0.002666,-0.018659,-0.9420,0.161754,0.288373,-2.3666,0.122164,0.263437,-2.9215,0.345800,1.4246,0.306363,1.9795
37.613,0.009351,-0.015812,-1.6331,0.209314,0.159166,-1.8803,0.148678,0.150665,-0.4896,0.265711,0.2472,0.217087,1.1436
38.113,0.019540,-0.015984,-2.8148,0.209345,0.159168,-2.1801,0.148678,0.150665,-0.4896,0.258271,0.6347,0.210828,2.3252
38.613,0.030978,-0.017187,-2.8414,0.233973,0.242683,-2.9169,0.174507,0.232291,-3.3652,0.329756,0.0755,0.287819,0.5239
39.114,0.034869,-0.014267,-3.2772,0.233994,0.242684,-3.1694,0.174507,0.232291,-3.3652,0.325077,0.1079,0.283355,0.0880
39.613,0.046930,-0.013366,-3.8513,0.251348,0.255178,-3.6384,0.203832,0.239864,-3.8396,0.337494,0.2129,0.297899,0.0117
40.113,0.053944,-0.012132,-3.7504,0.208821,0.241609,-3.6097,0.174696,0.228180,-5.4042,0.297274,0.1407,0.268944,1.6537
40.613,0.061723,-0.015405,-3.3379,0.254879,0.196030,-3.1629,0.214842,0.181905,-3.4655,0.286381,0.1749,0.249753,0.1276
41.113,0.068285,-0.019238,-3.1676,0.221633,0.184191,-3.0982,0.191140,0.174175,-3.2309,0.254753,0.0693,0.229133,0.0633
41.613,0.074396,-0.021577,-3.1834,0.283822,0.278042,-3.7230,0.259259,0.263266,-4.1202,0.365556,0.5396,0.339573,0.9368
42.114,0.081704,-0.020978,-3.3502,0.263880,0.261060,-3.8497,0.242645,0.242268,-5.1032,0.335758,0.4995,0.308546,1.7530
42.613,0.092573,-0.018677,-3.3587,0.298400,0.232861,-5.0500,0.269688,0.213241,-5.7795,0.325018,1.6913,0.291815,2.4208
43.113,0.104453,-0.006761,-5.5890,0.299712,0.234061,-5.6594,0.269688,0.213241,-5.7795,0.310034,0.0703,0.275142,0.1905
43.613,0.117671,-0.015618,-5.1932,0.331836,0.093907,-5.6491,0.256222,0.215239,-7.4869,0.240547,0.4559,0.269242,2.2937
44.113,0.118817,-0.023009,-5.0709,0.331968,0.094029,-5.5699,0.256222,0.215239,-7.4869,0.243169,0.4990,0.275031,2.4160
44.613,0.129913,-0.023822,-5.6097,0.332873,0.096043,-5.5948,0.311868,0.108851,-6.0516,0.235712,0.0149,0.225188,0.4419
45.113,0.137363,-0.015721,-4.7920,0.341060,0.097742,-4.7541,0.394948,0.120624,-5.9795,0.233166,0.0378,0.291444,1.1875
45.613,0.148446,-0.014598,-4.6006,0.383311,0.101492,-4.7978,0.605197,0.153666,-4.5969,0.261990,0.1972,0.486759,0.0037
46.114,0.153597,-0.023465,-5.6145,0.501189,0.104946,-5.2552,0.605197,0.153666,-4.5969,0.370553,0.3593,0.485095,1.0176
46.614,0.159094,-0.025888,-5.2690,0.502775,0.190161,-0.0559,0.580619,0.185810,0.1749,0.405948,5.2130,0.471698,5.4439
47.115,0.174010,-0.018555,-5.6251,0.592331,0.192998,0.1189,0.651951,0.199789,1.2836,0.468772,5.7440,0.525454,6.9087
47.613,0.183167,-0.016310,-5.1456,0.592425,0.193003,-0.1673,0.651951,0.199789,1.2836,0.459678,4.9783,0.516194,6.4292
48.113,0.183271,-0.024868,-3.6515,0.592617,0.193008,0.4496,0.711529,0.236166,1.0882,0.463718,4.1011,0.589233,4.7397
48.613,0.201560,-0.029110,-5.7998,0.373013,0.227698,-4.6938,0.418258,0.232608,-4.2039,0.308782,1.1059,0.339786,1.5958
49.113,0.210570,-0.024759,-6.5331,0.373027,0.227700,-4.7586,0.418258,0.232608,-4.2039,0.300212,1.7745,0.330714,2.3291
49.613,0.213988,-0.019905,-7.2541,0.401248,0.070780,-5.9867,0.459711,0.058909,-5.5649,0.208063,1.2674,0.258054,1.6892
50.113,0.227181,-0.025479,-5.6262,0.464085,0.075013,-6.1085,0.546106,0.078183,-5.9955,0.257337,0.4823,0.335349,0.3693
50.613,0.232444,-0.033143,-4.7756,0.410173,0.265621,-4.6050,0.480664,0.269753,-4.5586,0.347631,0.1705,0.391610,0.2169
51.113,0.241501,-0.031297,-5.4156,0.556209,0.266746,-4.4340,0.652542,0.269509,-1.1699,0.433440,0.9816,0.509352,4.2457
51.614,0.248795,-0.028519,-5.1194,0.423600,0.155336,-3.3339,0.499114,0.156286,-2.4945,0.253691,1.7854,0.311146,2.6248
52.113,0.255436,-0.029328,-5.3079,0.514967,0.161076,-3.3994,0.598305,0.168286,-2.1173,0.321885,1.9085,0.395740,3.1905
52.613,0.261876,-0.032655,-5.6294,0.515707,0.161039,-3.6200,0.598305,0.168286,-2.1173,0.319293,2.0094,0.391869,3.5120
53.113,0.270771,-0.034200,-6.1801,0.605337,0.166398,-3.8647,0.674059,0.176137,-3.2284,0.390096,2.3154,0.454844,2.9517
53.613,0.278615,-0.033705,-6.4383,0.456459,0.239540,-5.6172,0.547379,0.239745,-5.4291,0.326023,0.8211,0.383418,1.0092
54.113,0.288153,-0.035260,-6.3038,0.549749,0.249057,-5.7228,0.633071,0.254297,-5.6466,0.386353,0.5809,0.450346,0.6571
54.613,0.296320,-0.039188,-6.5865,0.400872,0.290393,-5.0607,0.458113,0.284033,-5.3755,0.345767,1.5258,0.361454,1.2110
55.113,0.302295,-0.039722,-6.8577,0.469854,0.295006,-4.9920,0.549381,0.302122,-5.5759,0.374325,1.8657,0.421793,1.2818
55.614,0.311803,-0.041981,-7.2979,0.446534,0.374178,-6.3481,0.515055,0.372759,-6.2649,0.437425,0.9498,0.461866,1.0330
56.114,0.322081,-0.037510,-8.2717,0.446540,0.374177,-6.5349,0.515055,0.372759,-6.2649,0.430089,1.7368,0.453387,2.0068
56.613,0.332424,-0.036068,-8.8223,0.470576,0.403116,-8.6751,0.609835,0.381808,-6.5063,0.460400,0.1472,0.501574,2.3161
57.113,0.335284,-0.045807,-8.1506,0.470581,0.403115,-8.3967,0.609835,0.381808,-6.5063,0.468867,0.2461,0.508165,1.6444
57.613,0.348569,-0.053411,-9.3225,0.521380,0.474283,-10.2359,0.583840,0.475442,-9.5876,0.555269,0.9133,0.578824,0.2651
58.114,0.354746,-0.043455,-9.7781,0.524511,0.476698,-10.3580,0.664469,0.477698,-9.4813,0.547156,0.5799,0.606241,0.2969
58.613,0.365638,-0.038752,-9.9740,0.611030,0.643996,-10.9941,0.697696,0.665757,-13.2541,0.725508,1.0202,0.778842,3.2802
59.113,0.372626,-0.045488,-10.7022,0.611679,0.644551,-11.2288,0.697696,0.665757,-13.2541,0.730274,0.5266,0.782010,2.5519
59.613,0.377423,-0.055166,-10.3438,0.495982,0.454022,-10.4494,0.566479,0.449211,-10.5945,0.522809,0.1056,0.538644,0.2507
60.113,0.387886,-0.050171,-10.5051,0.496066,0.454064,-10.4887,0.641338,0.450149,-9.2735,0.515708,0.0164,0.560855,1.2316
60.613,0.396255,-0.040281,-11.3426,0.517992,0.367962,-10.6183,0.593688,0.364109,-8.7243,0.426007,0.7242,0.450012,2.6183
61.113,0.403908,-0.048271,-12.2903,0.609987,0.369230,-10.8160,0.694270,0.375217,-10.0226,0.465592,1.4744,0.513470,2.2677
61.613,0.406024,-0.061541,-10.8835,0.543378,0.337692,-11.0529,0.610185,0.338253,-10.9261,0.422200,0.1694,0.448906,0.0426
62.114,0.420104,-0.056553,-11.3440,0.629596,0.334808,-10.7729,0.705026,0.333912,-8.7519,0.443904,0.5710,0.483367,2.5921
62.613,0.426532,-0.049294,-11.8066,0.562371,0.461870,-11.6849,0.637495,0.461934,-10.8399,0.528906,0.1216,0.553046,0.9667
63.113,0.435607,-0.055957,-11.2344,0.562385,0.461870,-11.4379,0.637495,0.461934,-10.8399,0.533121,0.2035,0.555851,0.3945
63.613,0.441612,-0.060168,-11.6307,0.589805,0.450697,-10.1728,0.679318,0.454976,-9.0430,0.531925,1.4579,0.567343,2.5877
64.113,0.449837,-0.059221,-12.2042,0.589813,0.450696,-10.3398,0.679318,0.454976,-9.0430,0.528780,1.8644,0.563081,3.1612
64.614,0.460518,-0.061618,-12.1101,0.583971,0.572282,-12.0365,0.669995,0.561168,-11.7018,0.645810,0.0736,0.657072,0.4083
65.113,0.465535,-0.069652,-12.1403,0.583978,0.572281,-11.9489,0.669995,0.561168,-11.7018,0.652768,0.1914,0.663127,0.4386
65.613,0.471285,-0.072088,-11.5654,0.589585,0.580883,-12.1112,0.662800,0.568367,-11.4486,0.663600,0.5458,0.668476,0.1168
66.113,0.482030,-0.066015,-12.3447,0.589591,0.580882,-11.9735,0.662800,0.568367,-11.4486,0.655778,0.3712,0.659635,0.8961
66.613,0.489349,-0.066249,-12.9745,0.575841,0.539747,-12.0702,0.661903,0.538629,-11.0830,0.612137,0.9043,0.629008,1.8915
67.113,0.497870,-0.072548,-12.6342,0.575847,0.539746,-11.9315,0.661903,0.538629,-11.0830,0.617239,0.7028,0.632806,1.5513
67.614,0.502577,-0.072842,-13.5517,0.584296,0.561515,-12.7953,0.657457,0.561796,-11.7529,0.639598,0.7565,0.653264,1.7989
68.113,0.512624,-0.072583,-13.6992,0.590198,0.561231,-12.9481,0.745139,0.562329,-11.1242,0.638544,0.7510,0.676149,2.5749
68.613,0.523296,-0.076368,-14.7565,0.587900,0.496573,-13.1301,0.651906,0.508183,-12.8107,0.576572,1.6264,0.598531,1.9458
69.113,0.529653,-0.076773,-14.9809,0.672723,0.500087,-13.5861,0.761690,0.509030,-12.3165,0.594337,1.3948,0.630085,2.6644
69.613,0.540378,-0.080150,-14.6373,0.590421,0.552701,-14.2099,0.660323,0.553449,-14.0982,0.634826,0.4274,0.644852,0.5391
70.113,0.544361,-0.079784,-15.4705,0.590431,0.552702,-14.6650,0.660323,0.553449,-14.0982,0.634162,0.8055,0.643763,1.3723
70.613,0.561133,-0.087390,-16.0029,0.621586,0.522397,-14.7969,0.682607,0.518155,-13.9981,0.612776,1.2060,0.617609,2.0047
71.113,0.563533,-0.086360,-15.4506,0.621593,0.522397,-14.7156,0.682607,0.518155,-13.9981,0.611519,0.7350,0.616131,1.4525
71.613,0.574757,-0.090080,-15.0617,0.629751,0.521241,-13.6040,0.693286,0.528289,-13.8393,0.613790,1.4577,0.629626,1.2224
72.113,0.583923,-0.094877,-14.2212,0.703579,0.520519,-13.5643,0.788607,0.518586,-12.4018,0.626921,0.6568,0.646709,1.8193
72.613,0.589998,-0.094195,-14.4203,0.701359,0.521594,-13.8025,0.704348,0.553162,-14.2182,0.625777,0.6178,0.657379,0.2021
73.113,0.602780,-0.090921,-15.9566,0.701426,0.521574,-14.0752,0.704348,0.553162,-14.2182,0.620389,1.8814,0.652043,1.7384
73.613,0.612611,-0.095420,-15.9060,0.598926,0.560552,-15.7581,0.657316,0.558373,-15.3272,0.656115,0.1478,0.655320,0.5788
74.113,0.615982,-0.097523,-15.9532,0.599301,0.560349,-16.0085,0.657316,0.558373,-15.3272,0.658084,0.0553,0.657197,0.6260
74.613,0.622273,-0.099375,-15.9528,0.607098,0.561574,-16.0172,0.677529,0.558203,-15.0683,0.661123,0.0644,0.659895,0.8845
75.113,0.633205,-0.100421,-16.3612,0.607134,0.561552,-16.1801,0.677529,0.558203,-15.0683,0.662486,0.1811,0.660113,1.2929
75.613,0.640572,-0.102423,-15.5775,0.613306,0.554049,-14.5782,0.711178,0.501590,-12.4487,0.657038,0.9993,0.608126,3.1289
76.113,0.648468,-0.108171,-15.6335,0.632013,0.549349,-14.4664,0.898606,0.500897,-10.4025,0.657725,1.1671,0.658433,5.2310
76.614,0.654865,-0.114226,-15.2643,0.599248,0.386471,-14.0534,0.673632,0.384043,-13.9006,0.503776,1.2109,0.498622,1.3638
77.113,0.662469,-0.112996,-15.6056,0.734526,0.386898,-14.1272,0.850153,0.386027,-12.4828,0.505060,1.4784,0.533150,3.1227
77.613,0.671232,-0.110897,-16.1183,0.632758,0.418664,-13.0363,0.695906,0.409766,-12.5108,0.530957,3.0820,0.521248,3.6075
78.114,0.681465,-0.113765,-16.0238,0.633661,0.418983,-13.0994,0.695906,0.409766,-12.5108,0.534889,2.9244,0.523731,3.5129
78.613,0.689435,-0.119113,-15.8974,0.666908,0.527769,-15.8510,0.739060,0.525108,-14.8021,0.647274,0.0465,0.646129,1.0953
79.113,0.696101,-0.122655,-16.1429,0.666997,0.527772,-15.7902,0.739060,0.525108,-14.8021,0.651079,0.3527,0.649186,1.3408
79.613,0.702688,-0.122746,-16.3624,0.689686,0.701990,-18.2363,0.764014,0.705207,-18.0926,0.824838,1.8738,0.830221,1.7301
80.115,0.713230,-0.124724,-16.2543,0.689841,0.702001,-18.1657,0.764014,0.705207,-18.0926,0.827056,1.9113,0.831484,1.8382
80.613,0.720858,-0.129051,-15.8876,0.670503,0.569892,-17.2386,0.715945,0.571672,-16.5213,0.700755,1.3510,0.700741,0.6337
81.113,0.727848,-0.128339,-16.0682,0.670608,0.569859,-17.5155,0.715945,0.571672,-16.5213,0.700540,1.4473,0.700113,0.4531
81.613,0.737597,-0.127824,-16.5516,0.677505,0.582933,-17.8021,0.743757,0.573771,-16.3940,0.713293,1.2505,0.701622,0.1576
82.114,0.745559,-0.133495,-16.1400,0.677539,0.582923,-17.3528,0.743757,0.573771,-16.3940,0.719639,1.2128,0.707268,0.2540
82.613,0.750716,-0.133888,-16.1096,0.661338,0.371036,-14.7112,0.720814,0.372537,-14.0446,0.512773,1.3984,0.507307,2.0650
83.113,0.761705,-0.135698,-15.9297,0.661355,0.371031,-14.8203,0.720814,0.372537,-14.0446,0.516570,1.1094,0.509878,1.8851
83.613,0.771701,-0.137335,-16.2080,0.659867,0.484896,-14.9599,0.742865,0.489889,-14.3451,0.632201,1.2481,0.627887,1.8629
84.113,0.779211,-0.137426,-16.3299,0.659877,0.484894,-14.8964,0.742865,0.489889,-14.3451,0.633657,1.4336,0.628367,1.9849
84.613,0.786674,-0.139499,-16.5235,0.631163,0.348847,-14.6535,0.688917,0.357550,-13.0092,0.512509,1.8700,0.506571,3.5143
85.113,0.789827,-0.141889,-16.8188,0.697063,0.350280,-14.8048,0.780528,0.344317,-13.0549,0.500834,2.0140,0.486294,3.7639
85.613,0.803162,-0.148880,-16.9714,0.638510,0.362176,-14.9336,0.699132,0.358099,-14.5796,0.536925,2.0378,0.517542,2.3918
86.114,0.805476,-0.157757,-16.2972,0.638517,0.362174,-14.7086,0.699132,0.358099,-14.5796,0.546080,1.5886,0.526703,1.7176
86.613,0.819702,-0.153989,-16.7776,0.705498,0.692108,-15.7993,0.757127,0.691863,-14.8342,0.853769,0.9783,0.848164,1.9434
87.113,0.831977,-0.151665,-16.5552,0.705598,0.692115,-15.8775,0.872559,0.694574,-14.9004,0.853192,0.6776,0.847212,1.6547
87.613,0.835230,-0.163869,-15.7075,0.740556,0.691862,-15.7405,0.872559,0.694574,-14.9004,0.860952,0.0330,0.859254,0.8071
88.113,0.841697,-0.170363,-15.9529,0.835189,0.685307,-15.5723,0.974551,0.689758,-13.3082,0.855694,0.3806,0.870320,2.6447
88.613,0.849691,-0.162230,-16.6058,0.751452,0.559597,-16.6912,0.825536,0.568450,-15.7344,0.728481,0.0855,0.731079,0.8713
89.113,0.864881,-0.160507,-16.0801,0.752806,0.560126,-16.4946,0.918645,0.576063,-15.9460,0.729296,0.4145,0.738530,0.1341
89.613,0.864499,-0.172659,-15.3217,0.764976,0.557519,-16.4647,0.842221,0.555493,-16.3453,0.736930,1.1429,0.728493,1.0236
90.113,0.876826,-0.178993,-16.0285,0.767090,0.557183,-16.8205,1.025839,0.547871,-13.9576,0.744309,0.7920,0.741981,2.0709
90.613,0.881009,-0.170634,-16.0486,0.750877,0.518132,-16.3070,0.826570,0.524461,-13.7765,0.700951,0.2583,0.697224,2.2722
91.113,0.889110,-0.168386,-16.1736,0.825452,0.527095,-16.2248,1.009390,0.523246,-12.8124,0.698389,0.0512,0.702013,3.3611
91.613,0.899642,-0.175992,-14.9144,0.731944,0.424461,-14.5077,0.799447,0.419608,-14.3080,0.623431,0.4068,0.603969,0.6064
92.113,0.903668,-0.183657,-14.7412,0.732071,0.424445,-14.3551,0.900664,0.409897,-12.3553,0.631849,0.3861,0.593561,2.3859
92.613,0.912561,-0.186568,-14.7309,0.822504,0.661428,-15.0004,0.905447,0.672543,-17.0324,0.852765,0.2695,0.859141,2.3015
93.114,0.921177,-0.184869,-14.2700,0.822566,0.661421,-14.8178,0.905447,0.672543,-17.0324,0.852016,0.5477,0.857556,2.7623
93.613,0.927495,-0.185243,-14.1948,0.838504,0.662816,-18.0168,0.911691,0.664931,-17.1902,0.852716,3.8220,0.850321,2.9954
94.113,0.937891,-0.185056,-13.9516,0.840463,0.662701,-18.1886,0.911691,0.664931,-17.1902,0.853337,4.2371,0.850391,3.2387
94.613,0.945626,-0.191157,-14.1666,0.826876,0.579246,-17.7662,0.906817,0.580341,-14.1967,0.779501,3.5996,0.772473,0.0301
95.113,0.957041,-0.194856,-13.8723,0.826953,0.579227,-17.6036,0.906817,0.580341,-14.1967,0.784937,3.7313,0.776822,0.3244
95.613,0.959557,-0.191812,-14.9185,0.836458,0.571958,-16.7619,0.905498,0.571295,-14.1053,0.773627,1.8433,0.765020,0.8132
96.113,0.974910,-0.196614,-14.1945,0.836488,0.571950,-16.7834,0.905498,0.571295,-14.1053,0.780930,2.5889,0.771039,0.0891
96.613,0.976512,-0.199250,-14.3310,0.820063,0.521187,-16.1120,0.905498,0.571295,-14.1053,0.737229,1.7810,0.773810,0.2257
97.113,0.985177,-0.199539,-14.6959,0.848926,0.515685,-16.2293,0.884179,0.510865,-14.3570,0.728085,1.5335,0.717547,0.3388
97.613,0.996731,-0.201048,-14.1145,0.856363,0.613822,-16.3172,0.922758,0.614578,-15.9443,0.826871,2.2027,0.818973,1.8298
98.113,0.999339,-0.202007,-14.3641,0.938130,0.610079,-16.2400,1.024642,0.612949,-14.4628,0.814389,1.8759,0.815348,0.0987
98.613,1.006938,-0.208577,-13.9845,0.800641,0.413398,-12.7212,0.848956,0.410016,-12.3020,0.655295,1.2633,0.638448,1.6825
99.113,1.016803,-0.213360,-14.2562,0.924183,0.402010,-12.6233,1.056797,0.401271,-11.0158,0.622302,1.6329,0.615930,3.2404
99.614,1.025669,-0.210225,-14.2780,0.810034,0.445388,-11.9208,0.860547,0.447792,-11.8816,0.690164,2.3572,0.678419,2.3963
100.113,1.034668,-0.215391,-13.9960,0.872356,0.448003,-11.8276,0.954462,0.454751,-11.1220,0.682962,2.1685,0.674924,2.8740
100.614,1.043017,-0.215140,-14.3152,0.853532,0.533014,-14.1928,1.026423,0.535661,-14.1008,0.771776,0.1224,0.750984,0.2144
101.113,1.052265,-0.216695,-14.6956,0.853551,0.533010,-14.5641,1.026423,0.535661,-14.1008,0.775593,0.1315,0.752800,0.5948
101.613,1.057267,-0.218518,-14.7063,0.879171,0.412542,-14.8103,0.953642,0.413698,-15.3033,0.655709,0.1041,0.640652,0.5970
102.113,1.065982,-0.222693,-14.3529,0.879184,0.412539,-14.6840,0.953642,0.413698,-15.3033,0.662127,0.3311,0.646230,0.9504
102.613,1.071358,-0.223848,-14.3081,0.923471,0.604599,-16.9669,1.013096,0.609004,-16.4612,0.841543,2.6588,0.834887,2.1531
103.113,1.083673,-0.226638,-14.5347,0.923482,0.604595,-17.0754,1.013096,0.609004,-16.4612,0.846528,2.5408,0.838617,1.9265
103.614,1.089593,-0.230724,-14.1864,0.854261,0.360163,-12.3578,0.911859,0.357766,-11.8680,0.636026,1.8286,0.614744,2.3184
104.114,1.098371,-0.233696,-14.1031,0.916505,0.360720,-12.1841,1.002168,0.358017,-11.1393,0.621615,1.9190,0.599482,2.9638
104.613,1.108436,-0.231855,-13.6852,0.861976,0.348445,-11.8872,0.925467,0.354418,-11.6450,0.630469,1.7981,0.614161,2.0402
105.113,1.117215,-0.233427,-13.7967,0.861982,0.348443,-12.1145,0.925467,0.354418,-11.6450,0.635388,1.6822,0.618328,2.1517
105.613,1.124399,-0.236363,-14.4669,0.887670,0.330415,-12.6782,0.951487,0.331287,-12.2461,0.614229,1.7887,0.593401,2.2208
106.114,1.131040,-0.242023,-14.6578,0.887676,0.330414,-12.7742,0.951487,0.331287,-12.2461,0.622020,1.8836,0.600769,2.4117
106.613,1.140047,-0.241528,-14.6257,0.944604,0.675831,-17.9249,1.007309,0.684468,-17.5830,0.937948,3.2992,0.935461,2.9574
107.113,1.148508,-0.241975,-15.0756,0.944610,0.675829,-18.0743,1.007309,0.684468,-17.5830,0.940180,2.9987,0.937141,2.5075
